Activity,Employee Index Number
LMS-1056-53,764167
LMS-1056-120,864185
LMS-1693-1,864185
LMS-1196-3,864185
LMS-1197-5,864185
LMS-1198-11,864185
LMS-1199-13,864185
LMS-1123-2,864185
LMS-1921-1,864185
LMS-1071-10,764167
LMS-1065-32,764167
LMS-1014-13,864185
LMS-1114-10,864185
LMS-1342-1,764167
LMS-1338-1,764167
LMS-1340-1,764167
LMS-1888-5,764167
LMS-1737-1,764167
LMS-1336-1,764167
LMS-1335-4,764167
LMS-1354-2,764167
LMS-1714-2,764167
LMS-1355-1,764167
LMS-1249-3,864185
LMS-1669-57,864185
LMS-2005-5,864185
LMS-2005-6,864185
LMS-1715-1,764167
LMS-1574-1,864185
LMS-1834-1,864185
LMS-1116-1,764167
LMS-1116-1,864185
LMS-1586-5,432764
LMS-1586-6,432764
LMS-1071-12,432764
LMS-1888-5,432764
LMS-1737-1,432764
LMS-1336-1,432764
LMS-1335-4,432764
LMS-1354-2,432764
LMS-1714-2,432764
LMS-1574-1,432764
LMS-1401-1,432764
LMS-1796-1,432764
LMS-1834-1,432764
LMS-1835-1,432764
LMS-1116-1,432764
LMS-1306-68,64672
LMS-1071-21,64672
LMS-1338-2,64672
LMS-1340-1,64672
LMS-1737-1,64672
LMS-1336-1,64672
LMS-1335-5,64672
LMS-1354-2,64672
LMS-1714-2,64672
LMS-1250-1,64672
LMS-1796-1,64672
LMS-1833-1,64672
LMS-1056-11,551517
LMS-1308-2,551517
LMS-1306-68,134717
LMS-1571-57,134717
LMS-1931-44,134717
LMS-1307-55,134717
LMS-1106-2,960347
LMS-1130-16,642108
LMS-1218-17,642108
LMS-1228-12,960347
LMS-1347-1,134717
LMS-1347-1,465987
LMS-1347-1,960347
LMS-1323-1,960347
LMS-1349-1,134717
LMS-1349-1,465987
LMS-1352-1,134717
LMS-1352-1,465987
LMS-1304-1,960347
LMS-1303-34,642108
LMS-1564-23,642108
LMS-1308-41,642108
LMS-1338-1,134717
LMS-1338-1,465987
LMS-1338-1,642108
LMS-1306-2,642108
LMS-1571-2,642108
LMS-1340-1,642108
LMS-1888-5,134717
LMS-1888-5,465987
LMS-1997-2,134717
LMS-1996-7,134717
LMS-1737-3,134717
LMS-1737-3,465987
LMS-1339-1,134717
LMS-1339-1,465987
LMS-2002-1,134717
LMS-2002-1,465987
LMS-2001-1,134717
LMS-2001-1,465987
LMS-2000-1,134717
LMS-2000-1,465987
LMS-2003-1,465987
LMS-1336-1,134717
LMS-1336-1,465987
LMS-1336-1,642108
LMS-1336-1,960347
LMS-1335-2,960347
LMS-1335-3,134717
LMS-1335-3,465987
LMS-1335-3,642108
LMS-1354-2,134717
LMS-1354-2,465987
LMS-1354-2,642108
LMS-1354-2,960347
LMS-1714-2,134717
LMS-1714-2,465987
LMS-1519-1,134717
LMS-2033-1,642108
LMS-2063-1,642108
LMS-2079-1,9832
LMS-2080-1,9832
LMS-2097-1,9832
LMS-2097-1,134717
LMS-2097-1,465987
LMS-2085-1,9832
LMS-2086-1,9832
LMS-2088-1,960347
LMS-1796-1,134717
LMS-1835-1,134717
LMS-1407-1,134717
LMS-1888-5,373441
LMS-1888-5,837273
LMS-1737-1,373441
LMS-1737-2,837273
LMS-1336-1,373441
LMS-1336-1,837273
LMS-1335-4,837273
LMS-1335-5,373441
LMS-1354-2,373441
LMS-1354-2,837273
LMS-1714-2,373441
LMS-1714-2,837273
LMS-1815-2,373441
LMS-1118-1,373441
LMS-1118-1,837273
LMS-1249-3,373441
LMS-1669-120,837273
LMS-1669-148,373441
LMS-1837-1,373441
LMS-1575-1,373441
LMS-1796-1,373441
LMS-1796-1,837273
LMS-1834-1,373441
LMS-1834-1,837273
LMS-1835-1,373441
LMS-1835-1,837273
LMS-1116-1,373441
LMS-1116-1,837273
LMS-1056-73,991677
LMS-1320-322,991677
LMS-1326-2,991677
LMS-1303-34,991677
LMS-1564-21,991677
LMS-1308-37,991677
LMS-1338-1,991677
LMS-1306-5,991677
LMS-1571-5,991677
LMS-1888-5,991677
LMS-1345-1,991677
LMS-1344-2,991677
LMS-1997-2,991677
LMS-1996-4,991677
LMS-1999-2,991677
LMS-1737-1,991677
LMS-1336-1,991677
LMS-1335-3,991677
LMS-1356-1,991677
LMS-1354-2,991677
LMS-1714-2,991677
LMS-1355-1,991677
LMS-1715-1,991677
LMS-1796-1,991677
LMS-1834-1,991677
LMS-1835-1,991677
LMS-1327-40,991677
LMS-1082-2,892886
LMS-1066-4,892886
LMS-1081-1,892886
LMS-1129-23,892886
LMS-1102-5,892886
LMS-1585-4,892886
LMS-1584-3,892886
LMS-1072-7,892886
LMS-1060-12,892886
LMS-1014-14,892886
LMS-1015-12,892886
LMS-1659-2,892886
LMS-1118-1,892886
LMS-2147-3,300167
LMS-1618-11,744237
LMS-1397-9,300167
LMS-1921-3,300167
LMS-1071-14,300167
LMS-1617-9,744237
LMS-1617-27,300167
LMS-1888-8,744237
LMS-2002-1,744237
LMS-2000-1,744237
LMS-1336-1,300167
LMS-1336-1,744237
LMS-1335-5,300167
LMS-1335-5,744237
LMS-1354-2,300167
LMS-1714-2,744237
LMS-1250-1,300167
LMS-1796-1,300167
LMS-1796-1,744237
LMS-1833-1,300167
LMS-1835-1,744237
LMS-1116-1,300167
LMS-1116-1,744237
LMS-1898-17,300251
LMS-1335-6,672507
LMS-2189-2,495332
LMS-1834-1,296783
LMS-1247-1,737233
LMS-1081-3,417320
LMS-1102-2,737233
LMS-1056-55,417320
LMS-1122-5,57329
LMS-1946-12,760835
LMS-1946-12,854244
LMS-1323-100,238615
LMS-1323-100,737233
LMS-1323-100,854244
LMS-1330-103,238615
LMS-1330-103,737233
LMS-1332-62,760835
LMS-1332-62,854244
LMS-1947-1,238615
LMS-1947-1,443756
LMS-1947-1,737233
LMS-1947-1,854244
LMS-1304-119,238615
LMS-1304-119,737233
LMS-1304-119,854244
LMS-1128-19,238615
LMS-1303-209,588745
LMS-1564-200,588745
LMS-1023-12,57329
LMS-1071-9,57329
LMS-1071-11,238615
LMS-1071-22,584562
LMS-1109-2,176533
LMS-1065-22,737233
LMS-1065-2,57329
LMS-1488-4,57329
LMS-1015-10,737233
LMS-1257-9,238615
LMS-1028-5,737233
LMS-1090-8,176533
LMS-1125-14,238615
LMS-1324-86,238615
LMS-1324-86,737233
LMS-1324-86,854244
LMS-1412-1,417320
LMS-1978-2,737233
LMS-1807-15,238615
LMS-1807-9,760835
LMS-1738-2,760835
LMS-1347-1,238615
LMS-1347-1,417320
LMS-1347-1,443756
LMS-1347-1,491482
LMS-1347-1,588745
LMS-1347-1,737233
LMS-1347-1,881939
LMS-1323-1,881939
LMS-1323-25,443756
LMS-1323-44,57329
LMS-1323-39,238615
LMS-1349-1,238615
LMS-1349-1,417320
LMS-1349-1,443756
LMS-1349-1,491482
LMS-1349-1,588745
LMS-1349-1,737233
LMS-1349-1,881939
LMS-1330-54,443756
LMS-1330-86,238615
LMS-1352-1,417320
LMS-1352-1,443756
LMS-1352-1,737233
LMS-1352-1,881939
LMS-1332-34,57329
LMS-1332-34,238615
LMS-1332-38,443756
LMS-1304-1,881939
LMS-1304-49,57329
LMS-1304-50,737233
LMS-1304-55,238615
LMS-1303-34,443756
LMS-1564-49,238615
LMS-1342-1,443756
LMS-1342-1,588745
LMS-1308-42,57329
LMS-1338-1,238615
LMS-1338-1,417320
LMS-1338-1,443756
LMS-1338-1,491482
LMS-1338-1,588745
LMS-1338-1,737233
LMS-1338-1,854244
LMS-1338-1,881939
LMS-1306-3,57329
LMS-1571-3,57329
LMS-1745-2,881939
LMS-1570-1,881939
LMS-1888-5,238615
LMS-1888-5,588745
LMS-2175-2,881939
LMS-1345-1,417320
LMS-1345-1,881939
LMS-1344-2,417320
LMS-1344-2,881939
LMS-1737-1,588745
LMS-1737-2,881939
LMS-1339-1,238615
LMS-1339-1,417320
LMS-1339-1,443756
LMS-1339-1,491482
LMS-1339-1,588745
LMS-1339-1,737233
LMS-1339-1,881939
LMS-2002-1,238615
LMS-2001-1,238615
LMS-2000-1,238615
LMS-1336-1,145487
LMS-1336-1,238615
LMS-1336-1,260833
LMS-1336-1,417320
LMS-1336-1,443756
LMS-1336-1,491482
LMS-1336-1,584562
LMS-1336-1,588745
LMS-1336-1,737233
LMS-1336-1,854244
LMS-1336-1,881939
LMS-1335-2,443756
LMS-1335-2,881939
LMS-1335-3,145487
LMS-1335-3,417320
LMS-1335-3,737233
LMS-1335-4,238615
LMS-1335-5,260833
LMS-1335-5,584562
LMS-1335-5,588745
LMS-1289-2,881939
LMS-1356-1,443756
LMS-1356-1,491482
LMS-1356-1,588745
LMS-1356-1,881939
LMS-1354-2,145487
LMS-1354-2,238615
LMS-1354-2,260833
LMS-1354-2,417320
LMS-1354-2,443756
LMS-1354-2,491482
LMS-1354-2,584562
LMS-1354-2,588745
LMS-1354-2,737233
LMS-1354-2,854244
LMS-1354-2,881939
LMS-1714-2,238615
LMS-1714-2,491482
LMS-1714-2,588745
LMS-1355-1,238615
LMS-1355-1,417320
LMS-1355-1,588745
LMS-1355-1,881939
LMS-2140-5,588745
LMS-2109-2,737233
LMS-2109-2,854244
LMS-2018-1,760835
LMS-1566-26,443756
LMS-1348-1,417320
LMS-1348-1,588745
LMS-1815-2,584562
LMS-1118-1,584562
LMS-1715-1,417320
LMS-1715-1,588745
LMS-1715-2,881939
LMS-1575-1,737233
LMS-1250-1,57329
LMS-1250-1,238615
LMS-1250-1,584562
LMS-1250-1,588745
LMS-1250-1,881939
LMS-1796-1,238615
LMS-1796-1,443756
LMS-1796-1,584562
LMS-1796-1,588745
LMS-1796-1,881939
LMS-1834-1,238615
LMS-1834-1,584562
LMS-1834-1,881939
LMS-1833-1,588745
LMS-1835-1,238615
LMS-1835-1,588745
LMS-1835-1,881939
LMS-1116-1,57329
LMS-1116-1,238615
LMS-1116-1,584562
LMS-1116-1,588745
LMS-1116-1,881939
LMS-1327-40,881939
LMS-1247-1,115096
LMS-1247-1,125217
LMS-1081-3,115096
LMS-1081-8,115393
LMS-1665-36,520007
LMS-1665-41,587141
LMS-1665-82,520007
LMS-1665-90,520007
LMS-1102-10,981054
LMS-1126-1,587141
LMS-1084-3,673458
LMS-1056-25,535557
LMS-1056-55,981054
LMS-1585-1,115096
LMS-1514-1,115096
LMS-1516-1,981054
LMS-1516-4,125217
LMS-1586-3,587141
LMS-1397-7,587141
LMS-1163-1,981054
LMS-1399-2,450084
LMS-1399-2,981054
LMS-1399-5,520007
LMS-1399-22,106612
LMS-1515-5,587141
LMS-1515-11,125217
LMS-1173-1,125217
LMS-1323-100,111499
LMS-1323-100,115393
LMS-1323-100,230896
LMS-1323-100,633141
LMS-1323-100,977226
LMS-1330-103,111499
LMS-1330-103,115393
LMS-1330-103,230896
LMS-1330-103,633141
LMS-1330-103,977226
LMS-1947-1,111499
LMS-1947-1,115096
LMS-1947-1,115393
LMS-1947-1,126168
LMS-1947-1,230896
LMS-1947-1,510790
LMS-1947-1,535557
LMS-1947-1,587141
LMS-1947-1,629020
LMS-1947-1,633141
LMS-1947-1,977226
LMS-1304-119,111499
LMS-1304-119,115096
LMS-1304-119,115393
LMS-1304-119,126168
LMS-1304-119,230896
LMS-1304-119,510790
LMS-1304-119,633141
LMS-1304-119,977226
LMS-1128-1,535557
LMS-1193-5,535557
LMS-1194-9,535557
LMS-1195-9,535557
LMS-1196-11,535557
LMS-1197-14,587141
LMS-1197-15,535557
LMS-1198-15,587141
LMS-1198-20,535557
LMS-1199-15,587141
LMS-1200-17,587141
LMS-1123-2,587141
LMS-1123-4,587141
LMS-1639-1,115096
LMS-1580-2,115096
LMS-1060-14,115393
LMS-1893-1,722995
LMS-1892-1,722995
LMS-1106-2,5787
LMS-1523-8,535557
LMS-1065-13,977226
LMS-1065-21,111499
LMS-1065-28,587141
LMS-1065-2,510790
LMS-1012-1,68918
LMS-1012-2,848920
LMS-1012-4,633141
LMS-1012-8,230896
LMS-1012-8,548727
LMS-1488-1,115393
LMS-1013-3,633141
LMS-1013-6,230896
LMS-1255-3,230896
LMS-1255-4,548727
LMS-1015-12,722995
LMS-1015-13,115393
LMS-1257-3,230896
LMS-1028-5,115393
LMS-1259-3,230896
LMS-1259-3,722995
LMS-1018-3,848920
LMS-1263-1,722995
LMS-1265-1,722995
LMS-1080-6,5787
LMS-1692-1,520007
LMS-1095-1,535557
LMS-1404-1,629020
LMS-1959-1,673458
LMS-1959-19,106612
LMS-1959-19,439439
LMS-1959-19,450084
LMS-1959-19,633141
LMS-1959-19,895058
LMS-1324-86,111499
LMS-1324-86,115393
LMS-1324-86,126168
LMS-1324-86,230896
LMS-1324-86,633141
LMS-1324-86,977226
LMS-1412-1,115096
LMS-1658-4,385358
LMS-1659-2,385358
LMS-1659-5,385358
LMS-1660-4,385358
LMS-1898-17,535557
LMS-1898-8,385358
LMS-1898-8,633141
LMS-1978-2,476242
LMS-1807-15,111499
LMS-1807-15,115393
LMS-1807-15,126168
LMS-1807-15,230896
LMS-1807-15,587141
LMS-1807-15,629020
LMS-1807-15,977226
LMS-1807-9,450084
LMS-1807-9,476242
LMS-1807-9,520007
LMS-1807-9,535557
LMS-1807-9,548727
LMS-1807-9,633141
LMS-1862-1,126168
LMS-1862-1,535557
LMS-1869-1,535557
LMS-1347-1,5787
LMS-1347-1,16732
LMS-1347-1,111499
LMS-1347-1,115096
LMS-1347-1,115393
LMS-1347-1,125217
LMS-1347-1,126168
LMS-1347-1,230896
LMS-1347-1,385358
LMS-1347-1,450084
LMS-1347-1,510790
LMS-1347-1,520007
LMS-1347-1,535557
LMS-1347-1,548727
LMS-1347-1,587141
LMS-1347-1,629020
LMS-1347-1,633141
LMS-1347-1,848920
LMS-1347-1,895058
LMS-1323-1,68918
LMS-1323-2,450084
LMS-1323-6,633141
LMS-1323-31,230896
LMS-1323-105,450084
LMS-1323-105,476242
LMS-1323-105,520007
LMS-1323-105,535557
LMS-1323-105,548727
LMS-1323-105,633141
LMS-1349-1,5787
LMS-1349-1,16732
LMS-1349-1,111499
LMS-1349-1,115096
LMS-1349-1,115393
LMS-1349-1,125217
LMS-1349-1,230896
LMS-1349-1,450084
LMS-1349-1,535557
LMS-1349-1,548727
LMS-1349-1,587141
LMS-1349-1,629020
LMS-1349-1,633141
LMS-1349-1,848920
LMS-1349-1,895058
LMS-1330-3,126168
LMS-1330-5,633141
LMS-1330-48,230896
LMS-1330-48,587141
LMS-1330-54,535557
LMS-1330-86,16732
LMS-1330-87,230896
LMS-1330-87,848920
LMS-1330-107,450084
LMS-1330-107,476242
LMS-1330-107,520007
LMS-1330-107,535557
LMS-1330-107,548727
LMS-1330-107,633141
LMS-1352-1,111499
LMS-1352-1,115393
LMS-1352-1,125217
LMS-1352-1,230896
LMS-1352-1,450084
LMS-1352-1,535557
LMS-1352-1,548727
LMS-1352-1,587141
LMS-1352-1,629020
LMS-1352-1,633141
LMS-1352-1,722995
LMS-1352-1,848920
LMS-1352-1,895058
LMS-1332-4,633141
LMS-1332-34,115393
LMS-1332-34,535557
LMS-1332-34,548727
LMS-1947-8,450084
LMS-1947-8,476242
LMS-1947-8,520007
LMS-1947-8,535557
LMS-1947-8,548727
LMS-1947-8,633141
LMS-1304-1,450084
LMS-1304-3,68918
LMS-1304-3,510790
LMS-1304-3,633141
LMS-1304-26,230896
LMS-1304-26,510790
LMS-1304-50,115393
LMS-1304-50,535557
LMS-1304-50,848920
LMS-1304-55,385358
LMS-1304-55,548727
LMS-1304-47,587141
LMS-1304-106,450084
LMS-1304-106,476242
LMS-1304-106,520007
LMS-1304-106,535557
LMS-1304-106,633141
LMS-1303-10,633141
LMS-1303-35,68918
LMS-1303-35,230896
LMS-1303-40,520007
LMS-1303-40,981054
LMS-1564-23,230896
LMS-1564-49,115393
LMS-1564-49,535557
LMS-1564-49,977226
LMS-1342-1,5787
LMS-1342-1,125217
LMS-1342-1,535557
LMS-1308-11,633141
LMS-1308-37,535557
LMS-1308-41,115393
LMS-1338-1,5787
LMS-1338-1,16732
LMS-1338-1,68918
LMS-1338-1,111499
LMS-1338-1,125217
LMS-1338-1,230896
LMS-1338-1,385358
LMS-1338-1,450084
LMS-1338-1,450084
LMS-1338-1,535557
LMS-1338-1,548727
LMS-1338-1,587141
LMS-1338-1,629020
LMS-1338-1,633141
LMS-1338-1,722995
LMS-1338-1,848920
LMS-1338-1,895058
LMS-1338-1,977226
LMS-1306-2,115096
LMS-1306-2,510790
LMS-1306-2,587141
LMS-1306-6,520007
LMS-1571-2,115096
LMS-1571-2,510790
LMS-1571-2,587141
LMS-1571-6,520007
LMS-1340-1,115096
LMS-1340-1,450084
LMS-1340-1,510790
LMS-1340-1,520007
LMS-1340-1,587141
LMS-1570-1,5787
LMS-1888-5,5787
LMS-1888-5,125217
LMS-1888-5,385358
LMS-1888-5,450084
LMS-1888-5,535557
LMS-1888-5,548727
LMS-1888-5,977226
LMS-1345-1,5787
LMS-1344-2,5787
LMS-1737-1,5787
LMS-1737-1,125217
LMS-1737-1,450084
LMS-1339-1,5787
LMS-1339-1,111499
LMS-1339-1,125217
LMS-1339-1,230896
LMS-1339-1,385358
LMS-1339-1,450084
LMS-1339-1,535557
LMS-1339-1,548727
LMS-1339-1,587141
LMS-1339-1,629020
LMS-1339-1,633141
LMS-1339-1,848920
LMS-1339-1,895058
LMS-1339-1,977226
LMS-1339-1,977226
LMS-1324-6,633141
LMS-2002-1,535557
LMS-2002-1,977226
LMS-2001-1,535557
LMS-2001-1,977226
LMS-2000-1,535557
LMS-2000-1,548727
LMS-2000-1,977226
LMS-1336-1,5787
LMS-1336-1,16732
LMS-1336-1,68918
LMS-1336-1,111499
LMS-1336-1,115393
LMS-1336-1,125217
LMS-1336-1,126168
LMS-1336-1,230896
LMS-1336-1,385358
LMS-1336-1,450084
LMS-1336-1,450084
LMS-1336-1,510790
LMS-1336-1,520007
LMS-1336-1,535557
LMS-1336-1,548727
LMS-1336-1,587141
LMS-1336-1,629020
LMS-1336-1,633141
LMS-1336-1,722995
LMS-1336-1,848920
LMS-1336-1,895058
LMS-1336-1,977226
LMS-1335-2,450084
LMS-1335-2,977226
LMS-1335-3,5787
LMS-1335-3,16732
LMS-1335-3,68918
LMS-1335-3,111499
LMS-1335-3,125217
LMS-1335-3,230896
LMS-1335-3,385358
LMS-1335-3,510790
LMS-1335-3,535557
LMS-1335-3,548727
LMS-1335-3,587141
LMS-1335-3,629020
LMS-1335-3,633141
LMS-1335-3,673458
LMS-1335-3,722995
LMS-1335-3,848920
LMS-1335-3,895058
LMS-1335-4,115096
LMS-1335-4,439439
LMS-1636-1,230896
LMS-1636-1,848920
LMS-1356-1,5787
LMS-1356-1,230896
LMS-1356-1,230896
LMS-1356-1,439439
LMS-1356-1,450084
LMS-1356-1,535557
LMS-1354-2,5787
LMS-1354-2,16732
LMS-1354-2,68918
LMS-1354-2,111499
LMS-1354-2,115393
LMS-1354-2,125217
LMS-1354-2,125217
LMS-1354-2,126168
LMS-1354-2,230896
LMS-1354-2,385358
LMS-1354-2,450084
LMS-1354-2,510790
LMS-1354-2,535557
LMS-1354-2,548727
LMS-1354-2,587141
LMS-1354-2,629020
LMS-1354-2,633141
LMS-1354-2,673458
LMS-1354-2,722995
LMS-1354-2,848920
LMS-1354-2,895058
LMS-1354-2,977226
LMS-1714-2,5787
LMS-1714-2,125217
LMS-1714-2,230896
LMS-1714-2,385358
LMS-1714-2,535557
LMS-1714-2,548727
LMS-1714-2,977226
LMS-1355-1,5787
LMS-2109-2,115096
LMS-2109-2,450084
LMS-2109-2,535557
LMS-2109-2,633141
LMS-1808-4,106612
LMS-1808-4,520007
LMS-1519-1,230896
LMS-1309-6,633141
LMS-1302-10,68918
LMS-1302-14,633141
LMS-2018-1,535557
LMS-1346-1,5787
LMS-1566-26,68918
LMS-1566-26,535557
LMS-1566-44,476242
LMS-1334-4,633141
LMS-1348-1,5787
LMS-1348-1,535557
LMS-1118-1,450084
LMS-1118-1,520007
LMS-1249-3,587141
LMS-1246-1,115096
LMS-1246-1,115096
LMS-1669-5,450084
LMS-1715-1,5787
LMS-1414-1,115096
LMS-1414-1,230896
LMS-1414-1,450084
LMS-1574-1,115096
LMS-1401-1,535557
LMS-1250-1,230896
LMS-1250-1,450084
LMS-1250-1,535557
LMS-1796-1,5787
LMS-1796-1,125217
LMS-1796-1,125217
LMS-1796-1,230896
LMS-1796-1,385358
LMS-1796-1,450084
LMS-1796-1,510790
LMS-1796-1,535557
LMS-1796-1,548727
LMS-1796-1,895058
LMS-1796-1,977226
LMS-1834-1,5787
LMS-1834-1,111499
LMS-1834-1,230896
LMS-1834-1,535557
LMS-1834-1,548727
LMS-1834-1,848920
LMS-1834-1,895058
LMS-1834-1,977226
LMS-1833-1,125217
LMS-1833-1,439439
LMS-1835-1,5787
LMS-1835-1,111499
LMS-1835-1,125217
LMS-1835-1,230896
LMS-1835-1,439439
LMS-1835-1,548727
LMS-1835-1,895058
LMS-1116-1,230896
LMS-1116-1,587141
LMS-1407-1,629020
LMS-1247-1,481625
LMS-1247-1,663155
LMS-1537-7,160422
LMS-1103-12,663155
LMS-1126-2,247751
LMS-1185-4,247751
LMS-1186-5,247751
LMS-1152-2,883879
LMS-1152-7,883879
LMS-1152-10,883879
LMS-1152-13,883879
LMS-1152-16,883879
LMS-1152-19,883879
LMS-1152-22,883879
LMS-1618-18,120737
LMS-1073-1,180161
LMS-1073-12,871707
LMS-1084-5,631123
LMS-1056-74,481625
LMS-1056-74,631123
LMS-1056-129,454518
LMS-1101-6,631123
LMS-1206-1,600445
LMS-1128-17,668203
LMS-1193-18,668203
LMS-1199-20,499979
LMS-1123-7,668203
LMS-1386-1,180161
LMS-1385-1,180161
LMS-1303-209,180161
LMS-1303-209,481625
LMS-1303-209,499979
LMS-1564-200,180161
LMS-1564-200,481625
LMS-1564-200,499979
LMS-1067-11,454518
LMS-1067-11,871707
LMS-1529-152,180161
LMS-1023-11,112044
LMS-1071-3,871707
LMS-1071-7,663155
LMS-1071-11,120737
LMS-1535-3,160422
LMS-1536-3,160422
LMS-1065-30,663155
LMS-1012-8,427523
LMS-1488-1,427523
LMS-1488-3,663155
LMS-1014-17,427523
LMS-1255-4,663155
LMS-1015-13,427523
LMS-1257-6,663155
LMS-1080-8,454518
LMS-1090-129,481625
LMS-1527-82,180161
LMS-1130-23,871707
LMS-1130-30,663155
LMS-1130-40,120737
LMS-1224-4,720577
LMS-1225-6,720577
LMS-1158-5,720577
LMS-1959-19,720577
LMS-1959-19,947846
LMS-1898-8,926976
LMS-1978-2,481625
LMS-1879-2,947846
LMS-2200-13,180161
LMS-1001-1,663155
LMS-1347-1,180161
LMS-1347-1,454518
LMS-1347-1,663155
LMS-1347-1,682973
LMS-1347-1,947846
LMS-1349-1,180161
LMS-1349-1,454518
LMS-1349-1,663155
LMS-1349-1,682973
LMS-1349-1,947846
LMS-1352-1,180161
LMS-1352-1,454518
LMS-1352-1,682973
LMS-1352-1,947846
LMS-1342-1,180161
LMS-1342-1,663155
LMS-1338-1,180161
LMS-1338-1,454518
LMS-1338-1,663155
LMS-1338-1,682973
LMS-1338-1,947846
LMS-1338-2,481625
LMS-1340-1,663155
LMS-1745-2,871707
LMS-1570-1,180161
LMS-1570-1,663155
LMS-1888-5,112044
LMS-1888-5,120737
LMS-1888-5,180161
LMS-1888-5,247751
LMS-1888-5,427523
LMS-1888-5,454518
LMS-1888-5,481625
LMS-1888-5,631123
LMS-1888-5,663155
LMS-1888-5,682973
LMS-1888-5,871707
LMS-1888-5,878573
LMS-1888-5,883879
LMS-1732-1,247751
LMS-1732-1,427523
LMS-1732-1,454518
LMS-1732-1,481625
LMS-1732-1,631123
LMS-1732-1,871707
LMS-1732-1,878573
LMS-1732-1,883879
LMS-2175-1,180161
LMS-2175-2,180161
LMS-1345-1,180161
LMS-1345-1,663155
LMS-1344-2,180161
LMS-1487-32,180161
LMS-1737-1,180161
LMS-1737-1,663155
LMS-1737-1,947846
LMS-1737-3,720577
LMS-1339-1,180161
LMS-1339-1,454518
LMS-1339-1,663155
LMS-1339-1,947846
LMS-2002-1,427523
LMS-2002-1,871707
LMS-2001-1,160422
LMS-2001-1,871707
LMS-2000-1,120737
LMS-2000-1,427523
LMS-2000-1,851733
LMS-1336-1,112044
LMS-1336-1,120737
LMS-1336-1,160422
LMS-1336-1,180161
LMS-1336-1,247751
LMS-1336-1,427523
LMS-1336-1,454518
LMS-1336-1,631123
LMS-1336-1,663155
LMS-1336-1,682973
LMS-1336-1,720577
LMS-1336-1,851733
LMS-1336-1,871707
LMS-1336-1,878573
LMS-1336-1,883879
LMS-1336-1,947846
LMS-1336-1,947846
LMS-1336-2,481625
LMS-1335-2,160422
LMS-1335-2,851733
LMS-1335-3,112044
LMS-1335-3,180161
LMS-1335-3,454518
LMS-1335-3,481625
LMS-1335-3,631123
LMS-1335-3,663155
LMS-1335-3,682973
LMS-1335-3,851733
LMS-1335-3,871707
LMS-1335-3,883879
LMS-1335-3,947846
LMS-1335-4,427523
LMS-1335-4,668203
LMS-1335-5,120737
LMS-1335-5,247751
LMS-1335-5,668203
LMS-1335-5,720577
LMS-1335-5,878573
LMS-1356-1,112044
LMS-1356-1,180161
LMS-1356-1,663155
LMS-1356-1,682973
LMS-1354-2,112044
LMS-1354-2,120737
LMS-1354-2,180161
LMS-1354-2,247751
LMS-1354-2,427523
LMS-1354-2,454518
LMS-1354-2,631123
LMS-1354-2,663155
LMS-1354-2,682973
LMS-1354-2,851733
LMS-1354-2,871707
LMS-1354-2,878573
LMS-1354-2,883879
LMS-1354-2,947846
LMS-1354-3,481625
LMS-1714-2,120737
LMS-1714-2,180161
LMS-1714-2,247751
LMS-1714-2,427523
LMS-1714-2,454518
LMS-1714-2,481625
LMS-1714-2,631123
LMS-1714-2,663155
LMS-1714-2,682973
LMS-1714-2,871707
LMS-1714-2,878573
LMS-1714-2,883879
LMS-1714-3,160422
LMS-1355-1,120737
LMS-1355-1,180161
LMS-1355-1,427523
LMS-1355-1,454518
LMS-1355-1,631123
LMS-1355-1,663155
LMS-1355-1,682973
LMS-1355-1,871707
LMS-1355-1,878573
LMS-1355-1,883879
LMS-1970-2,499979
LMS-1348-1,180161
LMS-1348-1,682973
LMS-1118-1,180161
LMS-1118-1,682973
LMS-1249-3,668203
LMS-1443-3,180161
LMS-1715-1,180161
LMS-1715-1,682973
LMS-1414-1,663155
LMS-1250-1,454518
LMS-1250-1,631123
LMS-1250-1,663155
LMS-1250-1,871707
LMS-1796-1,112044
LMS-1796-1,120737
LMS-1796-1,160422
LMS-1796-1,180161
LMS-1796-1,247751
LMS-1796-1,427523
LMS-1796-1,454518
LMS-1796-1,481625
LMS-1796-1,631123
LMS-1796-1,663155
LMS-1796-1,682973
LMS-1796-1,871707
LMS-1796-1,878573
LMS-1796-1,883879
LMS-1796-1,947846
LMS-1834-1,112044
LMS-1834-1,120737
LMS-1834-1,160422
LMS-1834-1,247751
LMS-1834-1,427523
LMS-1834-1,454518
LMS-1834-1,631123
LMS-1834-1,663155
LMS-1834-1,878573
LMS-1834-1,883879
LMS-1833-1,180161
LMS-1833-1,247751
LMS-1833-1,871707
LMS-1833-1,878573
LMS-1833-1,883879
LMS-1833-1,947846
LMS-1835-1,112044
LMS-1835-1,180161
LMS-1835-1,247751
LMS-1835-1,427523
LMS-1835-1,454518
LMS-1835-1,663155
LMS-1835-1,720577
LMS-1835-1,878573
LMS-1835-1,883879
LMS-1835-1,947846
LMS-1116-1,454518
LMS-1116-1,663155
LMS-1402-1,631123
LMS-1066-1,776821
LMS-1069-3,22503
LMS-1080-8,101758
LMS-1080-8,776821
LMS-1233-2,776821
LMS-1347-1,22503
LMS-1349-1,22503
LMS-1338-1,22503
LMS-1888-5,101758
LMS-1732-1,101758
LMS-1339-1,22503
LMS-1336-1,22503
LMS-1336-1,101758
LMS-1335-3,22503
LMS-1335-3,101758
LMS-1335-3,288298
LMS-1335-4,22503
LMS-1354-2,22503
LMS-1354-2,101758
LMS-1714-2,101758
LMS-1355-1,101758
LMS-1796-1,22503
LMS-1796-1,101758
LMS-1796-1,288298
LMS-1833-1,288298
LMS-1835-1,288298
LMS-1071-22,273422
LMS-1535-3,155816
LMS-1523-8,468718
LMS-1090-100,887730
LMS-1114-4,94701
LMS-1211-4,468718
LMS-1124-8,468718
LMS-1957-44,468718
LMS-1891-8,155816
LMS-1891-13,887730
LMS-1347-1,94701
LMS-1347-1,273422
LMS-1323-88,94701
LMS-1349-1,94701
LMS-1352-1,94701
LMS-1304-50,155816
LMS-1304-40,94701
LMS-1303-40,94701
LMS-1303-40,468718
LMS-1564-100,468718
LMS-1564-107,94701
LMS-1342-1,273422
LMS-1338-1,94701
LMS-1570-1,273422
LMS-1888-5,273422
LMS-1339-1,94701
LMS-1339-1,273422
LMS-2000-1,273422
LMS-1336-1,94701
LMS-1336-1,273422
LMS-1335-3,94701
LMS-1335-3,468718
LMS-1289-2,273422
LMS-1356-1,273422
LMS-1354-2,94701
LMS-1354-2,273422
LMS-1714-2,273422
LMS-1796-1,273422
LMS-1834-1,273422
LMS-1833-1,273422
LMS-1835-1,273422
LMS-1247-1,148463
LMS-1247-1,228323
LMS-1082-3,148463
LMS-1518-4,473527
LMS-1066-3,148463
LMS-1081-2,148463
LMS-1141-1,562319
LMS-1138-1,562319
LMS-1138-5,562319
LMS-1103-7,228323
LMS-1665-71,730958
LMS-1102-9,228323
LMS-1167-13,228323
LMS-1516-1,689585
LMS-1586-3,228323
LMS-1397-9,228323
LMS-1399-2,689585
LMS-1515-5,228323
LMS-1012-1,148463
LMS-1015-13,680533
LMS-1028-2,848951
LMS-1259-7,148463
LMS-1489-1,148463
LMS-1090-45,473527
LMS-1090-106,460699
LMS-1959-19,689585
LMS-1233-12,473527
LMS-1227-4,848951
LMS-1898-13,68292
LMS-1898-13,98122
LMS-1898-13,263079
LMS-1898-13,460699
LMS-1898-13,712848
LMS-1898-13,848951
LMS-1978-1,848951
LMS-2056-1,712848
LMS-1807-9,730958
LMS-1807-9,848951
LMS-1862-1,68292
LMS-1862-1,848951
LMS-1869-1,263079
LMS-1347-1,148463
LMS-1347-1,228323
LMS-1347-1,263079
LMS-1347-1,460699
LMS-1347-1,680533
LMS-1347-1,712848
LMS-1347-1,730958
LMS-1347-1,848951
LMS-1347-1,947579
LMS-1323-1,228323
LMS-1323-1,388785
LMS-1323-1,848951
LMS-1323-4,712848
LMS-1323-39,680533
LMS-1349-1,148463
LMS-1349-1,228323
LMS-1349-1,263079
LMS-1349-1,388785
LMS-1349-1,460699
LMS-1349-1,680533
LMS-1349-1,712848
LMS-1349-1,848951
LMS-1349-1,947579
LMS-1330-3,263079
LMS-1330-3,712848
LMS-1330-86,228323
LMS-1330-87,680533
LMS-1352-1,148463
LMS-1352-1,263079
LMS-1352-1,388785
LMS-1352-1,680533
LMS-1352-1,730958
LMS-1332-38,562319
LMS-1332-38,730958
LMS-1332-38,848951
LMS-1947-8,848951
LMS-1304-1,263079
LMS-1304-1,388785
LMS-1304-1,712848
LMS-1304-26,730958
LMS-1304-50,98122
LMS-1304-50,848951
LMS-1304-55,562319
LMS-1304-55,680533
LMS-1303-40,228323
LMS-1564-21,228323
LMS-1564-50,730958
LMS-1564-63,68292
LMS-1564-63,712848
LMS-1564-63,848951
LMS-1342-1,148463
LMS-1342-1,263079
LMS-1342-1,388785
LMS-1342-1,712848
LMS-1342-1,730958
LMS-1342-1,947579
LMS-1308-2,712848
LMS-1308-41,263079
LMS-1308-41,730958
LMS-1338-1,148463
LMS-1338-1,263079
LMS-1338-1,388785
LMS-1338-1,730958
LMS-1338-1,848951
LMS-1338-1,947579
LMS-1338-2,473527
LMS-1306-6,730958
LMS-1571-6,730958
LMS-1340-1,148463
LMS-1340-1,388785
LMS-1340-1,680533
LMS-1340-1,947579
LMS-1888-5,388785
LMS-1345-1,388785
LMS-1345-1,473527
LMS-1344-2,473527
LMS-1339-1,388785
LMS-1339-1,562319
LMS-1339-1,947579
LMS-1336-1,98122
LMS-1336-1,148463
LMS-1336-1,228323
LMS-1336-1,263079
LMS-1336-1,460699
LMS-1336-1,473527
LMS-1336-1,680533
LMS-1336-1,712848
LMS-1336-1,730958
LMS-1336-1,848951
LMS-1336-1,947579
LMS-1335-2,228323
LMS-1335-2,263079
LMS-1335-2,460699
LMS-1335-2,712848
LMS-1335-2,848951
LMS-1335-3,473527
LMS-1335-3,680533
LMS-1335-3,730958
LMS-1335-4,148463
LMS-1335-5,947579
LMS-1289-2,148463
LMS-1289-2,388785
LMS-1356-1,148463
LMS-1356-1,388785
LMS-1356-1,730958
LMS-1356-1,848951
LMS-1356-1,947579
LMS-1354-2,148463
LMS-1354-2,228323
LMS-1354-2,263079
LMS-1354-2,388785
LMS-1354-2,460699
LMS-1354-2,473527
LMS-1354-2,680533
LMS-1354-2,712848
LMS-1354-2,730958
LMS-1354-2,848951
LMS-1354-2,947579
LMS-1714-2,947579
LMS-1714-3,473527
LMS-1355-1,473527
LMS-1355-1,947579
LMS-1302-10,228323
LMS-1302-10,388785
LMS-1302-10,712848
LMS-1302-12,98122
LMS-1302-12,848951
LMS-2018-1,68292
LMS-1566-29,68292
LMS-1566-29,712848
LMS-1566-29,848951
LMS-1566-44,263079
LMS-1249-3,730958
LMS-1574-1,228323
LMS-1796-1,388785
LMS-1796-1,947579
LMS-1834-1,848951
LMS-1835-1,848951
LMS-1116-1,730958
LMS-1116-1,947579
LMS-1624-1,148463
LMS-1082-2,365760
LMS-1063-4,633140
LMS-1103-5,735040
LMS-1665-102,978876
LMS-1102-2,633140
LMS-1618-18,675666
LMS-1073-12,964432
LMS-1122-9,451884
LMS-1167-1,304127
LMS-1516-1,830623
LMS-1516-3,978876
LMS-1175-9,978876
LMS-1396-2,451884
LMS-1174-3,451884
LMS-1399-1,830623
LMS-1399-4,451884
LMS-1399-11,725403
LMS-1399-16,391494
LMS-1515-7,735040
LMS-1515-9,642627
LMS-1515-9,978876
LMS-1946-12,417230
LMS-1946-13,156239
LMS-1332-62,417230
LMS-1332-68,156239
LMS-1128-6,642627
LMS-1128-22,978876
LMS-1193-9,642627
LMS-1193-24,978876
LMS-1194-13,642627
LMS-1194-26,978876
LMS-1195-26,978876
LMS-1067-6,419915
LMS-1067-6,642627
LMS-1011-4,451884
LMS-1019-5,451884
LMS-1880-1,978876
LMS-1071-7,964432
LMS-1071-7,978876
LMS-1071-21,290787
LMS-1071-21,842226
LMS-1059-1,642627
LMS-1032-2,156239
LMS-1576-2,668046
LMS-1534-2,668046
LMS-1533-2,668046
LMS-1109-2,378366
LMS-1106-2,735040
LMS-1112-12,773381
LMS-1112-14,71982
LMS-1523-18,773381
LMS-1523-75,71982
LMS-1065-28,642627
LMS-1065-30,978876
LMS-1065-33,964432
LMS-1014-5,304127
LMS-1014-13,973703
LMS-1015-5,995877
LMS-1015-11,668046
LMS-1028-4,995877
LMS-1028-5,365760
LMS-1028-5,668046
LMS-1018-3,995877
LMS-1090-103,378366
LMS-1114-7,633140
LMS-1617-9,156239
LMS-1617-32,642627
LMS-1527-82,642627
LMS-1130-27,964432
LMS-1218-25,964432
LMS-1220-19,964432
LMS-1223-2,417230
LMS-1959-1,668046
LMS-1959-19,290787
LMS-1959-19,391494
LMS-1233-2,304127
LMS-1657-8,978876
LMS-1658-5,978876
LMS-1659-6,978876
LMS-1978-1,735040
LMS-1807-9,417230
LMS-1807-9,633140
LMS-1807-9,995877
LMS-1862-1,417230
LMS-1862-1,633140
LMS-2200-13,642627
LMS-1347-1,156239
LMS-1347-1,365760
LMS-1347-1,378366
LMS-1347-1,411970
LMS-1347-1,417230
LMS-1347-1,419915
LMS-1347-1,549070
LMS-1347-1,633140
LMS-1347-1,668046
LMS-1347-1,677719
LMS-1347-1,735040
LMS-1347-1,780055
LMS-1347-1,830623
LMS-1347-1,842226
LMS-1347-1,964432
LMS-1347-1,973703
LMS-1347-1,995877
LMS-1323-1,156239
LMS-1323-1,417230
LMS-1323-2,830623
LMS-1323-4,773381
LMS-1323-88,365760
LMS-1323-88,411970
LMS-1323-88,633140
LMS-1323-88,995877
LMS-1323-105,417230
LMS-1323-105,995877
LMS-1349-1,365760
LMS-1349-1,378366
LMS-1349-1,417230
LMS-1349-1,549070
LMS-1349-1,668046
LMS-1349-1,677719
LMS-1349-1,735040
LMS-1349-1,830623
LMS-1349-1,842226
LMS-1349-1,964432
LMS-1349-1,995877
LMS-1330-3,417230
LMS-1330-87,365760
LMS-1330-87,995877
LMS-1330-107,417230
LMS-1330-107,995877
LMS-1352-1,365760
LMS-1352-1,417230
LMS-1352-1,668046
LMS-1352-1,677719
LMS-1352-1,735040
LMS-1352-1,842226
LMS-1352-1,995877
LMS-1332-34,633140
LMS-1947-8,417230
LMS-1947-8,995877
LMS-1304-1,156239
LMS-1304-1,417230
LMS-1304-1,773381
LMS-1304-50,633140
LMS-1304-55,995877
LMS-1304-40,411970
LMS-1304-47,365760
LMS-1304-106,417230
LMS-1304-106,995877
LMS-1303-10,417230
LMS-1303-33,411970
LMS-1564-21,411970
LMS-1564-63,417230
LMS-1342-1,973703
LMS-1308-41,735040
LMS-1308-73,365760
LMS-1338-1,156239
LMS-1338-1,365760
LMS-1338-1,411970
LMS-1338-1,417230
LMS-1338-1,549070
LMS-1338-1,642627
LMS-1338-1,668046
LMS-1338-1,677719
LMS-1338-1,735040
LMS-1338-1,830623
LMS-1338-1,830623
LMS-1338-1,842226
LMS-1338-1,964432
LMS-1338-1,978876
LMS-1338-1,995877
LMS-1306-6,378366
LMS-1306-10,365760
LMS-1571-6,378366
LMS-1571-8,365760
LMS-1340-1,156239
LMS-1340-1,365760
LMS-1340-1,411970
LMS-1340-1,633140
LMS-1745-2,391494
LMS-1888-5,304127
LMS-1888-5,419915
LMS-1888-5,668046
LMS-1888-5,675666
LMS-1888-5,677719
LMS-1888-5,780055
LMS-1888-5,842226
LMS-1888-5,964432
LMS-1888-5,978876
LMS-1732-1,675666
LMS-2175-2,642627
LMS-1345-1,780055
LMS-1345-1,964432
LMS-1344-2,964432
LMS-1998-1,668046
LMS-1737-1,156239
LMS-1737-1,304127
LMS-1737-1,677719
LMS-1737-1,964432
LMS-1737-1,978876
LMS-1737-2,290787
LMS-1339-1,365760
LMS-1339-1,419915
LMS-1339-1,549070
LMS-1339-1,633140
LMS-1339-1,642627
LMS-1339-1,668046
LMS-1339-1,735040
LMS-1339-1,780055
LMS-1339-1,842226
LMS-1339-1,964432
LMS-1339-1,973703
LMS-1339-1,995877
LMS-2002-1,995877
LMS-2001-1,463366
LMS-2001-1,995877
LMS-2000-1,463366
LMS-2000-1,735040
LMS-2000-1,978876
LMS-2000-1,995877
LMS-1336-1,156239
LMS-1336-1,290787
LMS-1336-1,304127
LMS-1336-1,365760
LMS-1336-1,378366
LMS-1336-1,411970
LMS-1336-1,417230
LMS-1336-1,419915
LMS-1336-1,549070
LMS-1336-1,633140
LMS-1336-1,642627
LMS-1336-1,668046
LMS-1336-1,675666
LMS-1336-1,677719
LMS-1336-1,735040
LMS-1336-1,780055
LMS-1336-1,830623
LMS-1336-1,842226
LMS-1336-1,964432
LMS-1336-1,973703
LMS-1336-1,978876
LMS-1336-1,995877
LMS-1336-2,735040
LMS-1335-2,156239
LMS-1335-2,417230
LMS-1335-2,773381
LMS-1335-2,830623
LMS-1335-2,973703
LMS-1335-3,365760
LMS-1335-3,378366
LMS-1335-3,411970
LMS-1335-3,419915
LMS-1335-3,510794
LMS-1335-3,633140
LMS-1335-3,642627
LMS-1335-3,668046
LMS-1335-3,677719
LMS-1335-3,735040
LMS-1335-3,780055
LMS-1335-3,995877
LMS-1335-4,842226
LMS-1335-4,964432
LMS-1335-4,978876
LMS-1335-5,290787
LMS-1335-5,304127
LMS-1335-5,675666
LMS-1636-3,365760
LMS-1356-1,156239
LMS-1356-1,411970
LMS-1356-1,668046
LMS-1356-1,964432
LMS-1356-1,973703
LMS-1354-2,156239
LMS-1354-2,304127
LMS-1354-2,365760
LMS-1354-2,378366
LMS-1354-2,411970
LMS-1354-2,417230
LMS-1354-2,419915
LMS-1354-2,633140
LMS-1354-2,668046
LMS-1354-2,675666
LMS-1354-2,677719
LMS-1354-2,735040
LMS-1354-2,780055
LMS-1354-2,830623
LMS-1354-2,842226
LMS-1354-2,964432
LMS-1354-2,978876
LMS-1354-2,995877
LMS-1714-2,304127
LMS-1714-2,549070
LMS-1714-2,668046
LMS-1714-2,675666
LMS-1714-2,677719
LMS-1714-2,780055
LMS-1714-2,964432
LMS-1714-2,973703
LMS-1714-2,978876
LMS-1714-2,995877
LMS-1355-1,675666
LMS-1355-1,964432
LMS-1355-1,973703
LMS-2109-2,633140
LMS-2156-3,411970
LMS-1302-10,973703
LMS-1302-12,417230
LMS-1566-29,417230
LMS-1566-44,417230
LMS-2076-2,156239
LMS-2090-1,830623
LMS-1348-1,964432
LMS-1118-1,411970
LMS-1118-1,964432
LMS-1249-3,964432
LMS-1249-3,978876
LMS-1715-1,842226
LMS-1715-1,964432
LMS-1838-1,419915
LMS-1836-1,419915
LMS-1414-1,156239
LMS-1414-1,735040
LMS-1414-1,830623
LMS-1574-1,830623
LMS-1250-1,156239
LMS-1250-1,304127
LMS-1250-1,964432
LMS-1796-1,156239
LMS-1796-1,304127
LMS-1796-1,419915
LMS-1796-1,633140
LMS-1796-1,642627
LMS-1796-1,668046
LMS-1796-1,675666
LMS-1796-1,677719
LMS-1796-1,780055
LMS-1796-1,842226
LMS-1796-1,964432
LMS-1796-1,973703
LMS-1796-1,978876
LMS-1796-1,995877
LMS-1834-1,411970
LMS-1834-1,576281
LMS-1834-1,633140
LMS-1834-1,642627
LMS-1834-1,668046
LMS-1834-1,675666
LMS-1834-1,735040
LMS-1834-1,995877
LMS-1833-1,304127
LMS-1833-1,419915
LMS-1833-1,677719
LMS-1833-1,842226
LMS-1833-1,964432
LMS-1833-1,978876
LMS-1835-1,304127
LMS-1835-1,411970
LMS-1835-1,576281
LMS-1835-1,642627
LMS-1835-1,668046
LMS-1835-1,675666
LMS-1835-1,677719
LMS-1835-1,735040
LMS-1835-1,842226
LMS-1835-1,964432
LMS-1835-1,978876
LMS-1116-1,304127
LMS-1116-1,365760
LMS-1275-1,675666
LMS-1407-1,156239
LMS-1247-1,908333
LMS-1178-10,908333
LMS-1179-6,908333
LMS-1180-9,908333
LMS-1102-4,588830
LMS-1126-9,908333
LMS-1185-10,908333
LMS-1186-11,908333
LMS-1187-13,908333
LMS-1188-13,908333
LMS-1056-72,588830
LMS-1056-74,73505
LMS-1208-7,982498
LMS-1209-9,982498
LMS-1122-17,982498
LMS-1397-10,982498
LMS-1323-100,976674
LMS-1323-100,982498
LMS-1330-103,982498
LMS-1947-1,90236
LMS-1947-1,976674
LMS-1947-1,982498
LMS-1304-119,90236
LMS-1304-119,976674
LMS-1304-119,982498
LMS-1128-29,588830
LMS-1123-31,588830
LMS-1068-5,809928
LMS-1005-2,685517
LMS-1071-4,982498
LMS-1071-24,926523
LMS-1065-21,982498
LMS-1065-29,73505
LMS-1257-13,906533
LMS-1259-12,906533
LMS-1016-1,685517
LMS-1090-9,588830
LMS-1090-10,73505
LMS-1090-107,639614
LMS-1130-2,809928
LMS-1959-1,639614
LMS-1959-19,90236
LMS-1324-86,976674
LMS-1324-86,982498
LMS-1233-17,455607
LMS-1898-17,926523
LMS-1898-13,73505
LMS-1978-2,380211
LMS-1807-15,976674
LMS-1807-15,982498
LMS-1347-1,73505
LMS-1347-1,455607
LMS-1347-1,588830
LMS-1347-1,644290
LMS-1347-1,644290
LMS-1347-1,685517
LMS-1347-1,809928
LMS-1347-1,906533
LMS-1347-1,926523
LMS-1347-1,976674
LMS-1347-1,982498
LMS-1323-2,644290
LMS-1323-31,908333
LMS-1323-39,685517
LMS-1323-88,455607
LMS-1349-1,73505
LMS-1349-1,455607
LMS-1349-1,588830
LMS-1349-1,644290
LMS-1349-1,685517
LMS-1349-1,809928
LMS-1349-1,906533
LMS-1349-1,926523
LMS-1349-1,982498
LMS-1330-48,588830
LMS-1330-86,73505
LMS-1330-87,906533
LMS-1352-1,73505
LMS-1352-1,455607
LMS-1352-1,588830
LMS-1352-1,644290
LMS-1352-1,685517
LMS-1352-1,809928
LMS-1352-1,906533
LMS-1352-1,926523
LMS-1352-1,976674
LMS-1352-1,982498
LMS-1304-1,644290
LMS-1304-3,588830
LMS-1304-49,90236
LMS-1304-50,685517
LMS-1304-40,73505
LMS-1304-47,906533
LMS-1303-40,908333
LMS-1564-49,908333
LMS-1564-100,73505
LMS-1308-41,908333
LMS-1308-73,906533
LMS-1338-1,73505
LMS-1338-1,455607
LMS-1338-1,588830
LMS-1338-1,644290
LMS-1338-1,685517
LMS-1338-1,906533
LMS-1338-1,926523
LMS-1338-1,976674
LMS-1338-1,982498
LMS-1306-2,73505
LMS-1306-6,588830
LMS-1306-10,906533
LMS-1571-2,73505
LMS-1571-6,588830
LMS-1571-8,906533
LMS-1340-1,45078
LMS-1340-1,73505
LMS-1340-1,588830
LMS-1340-1,926523
LMS-1888-5,63008
LMS-1888-5,809928
LMS-1888-5,926523
LMS-1732-1,809928
LMS-1737-1,63008
LMS-1339-1,73505
LMS-1339-1,455607
LMS-1339-1,588830
LMS-1339-1,644290
LMS-1339-1,685517
LMS-1339-1,809928
LMS-1339-1,906533
LMS-1339-1,926523
LMS-1339-1,976674
LMS-1339-1,982498
LMS-2002-1,63008
LMS-2001-1,63008
LMS-2000-1,63008
LMS-1336-1,45078
LMS-1336-1,63008
LMS-1336-1,73505
LMS-1336-1,455607
LMS-1336-1,588830
LMS-1336-1,644290
LMS-1336-1,685517
LMS-1336-1,809928
LMS-1336-1,906533
LMS-1336-1,926523
LMS-1336-1,976674
LMS-1336-1,982498
LMS-1335-2,644290
LMS-1335-3,63008
LMS-1335-3,73505
LMS-1335-3,455607
LMS-1335-3,588830
LMS-1335-3,685517
LMS-1335-3,809928
LMS-1335-3,906533
LMS-1335-3,976674
LMS-1335-4,639614
LMS-1335-5,45078
LMS-1335-5,926523
LMS-1636-3,906533
LMS-1356-1,644290
LMS-1356-1,976674
LMS-1354-2,45078
LMS-1354-2,63008
LMS-1354-2,73505
LMS-1354-2,455607
LMS-1354-2,588830
LMS-1354-2,639614
LMS-1354-2,644290
LMS-1354-2,685517
LMS-1354-2,809928
LMS-1354-2,906533
LMS-1354-2,926523
LMS-1354-2,976674
LMS-1354-2,982498
LMS-1714-2,63008
LMS-1714-2,644290
LMS-1714-2,809928
LMS-1355-1,809928
LMS-1355-1,976674
LMS-2109-2,90236
LMS-1566-29,908333
LMS-1118-1,644290
LMS-1118-1,906533
LMS-1249-3,644290
LMS-1669-133,644290
LMS-1574-1,644290
LMS-1250-1,644290
LMS-1796-1,63008
LMS-1796-1,73505
LMS-1796-1,455607
LMS-1796-1,644290
LMS-1796-1,685517
LMS-1796-1,809928
LMS-1796-1,906533
LMS-1796-1,982498
LMS-1834-1,63008
LMS-1834-1,644290
LMS-1834-1,685517
LMS-1834-1,809928
LMS-1834-1,982498
LMS-1833-1,455607
LMS-1833-1,906533
LMS-1835-1,63008
LMS-1835-1,455607
LMS-1835-1,644290
LMS-1835-1,809928
LMS-1835-1,982498
LMS-1402-1,455607
LMS-1247-1,39466
LMS-1239-2,855682
LMS-1103-9,945307
LMS-1101-4,79299
LMS-1101-8,624360
LMS-1586-1,945307
LMS-1399-2,787418
LMS-1399-3,624360
LMS-1399-5,945307
LMS-1399-22,945307
LMS-1128-19,230361
LMS-1193-1,535278
LMS-1193-22,230361
LMS-1199-17,231605
LMS-1123-2,535278
LMS-1303-209,748632
LMS-1303-209,855682
LMS-1564-200,748632
LMS-1564-200,855682
LMS-1068-2,391840
LMS-1690-1,407806
LMS-1071-5,945307
LMS-1071-20,834106
LMS-1071-22,231605
LMS-1032-5,391840
LMS-1065-21,362030
LMS-1257-9,264630
LMS-1259-11,264630
LMS-1093-3,391840
LMS-1527-82,748632
LMS-1527-82,855682
LMS-1959-1,39466
LMS-1959-1,68527
LMS-1959-1,264630
LMS-1959-19,624360
LMS-1412-1,855682
LMS-1233-22,624360
LMS-1978-2,362030
LMS-2056-5,855682
LMS-1865-3,855682
LMS-1879-2,39466
LMS-2200-13,748632
LMS-2200-13,855682
LMS-1347-1,230361
LMS-1347-1,231605
LMS-1347-1,264630
LMS-1347-1,391840
LMS-1347-1,407806
LMS-1347-1,459461
LMS-1347-1,748632
LMS-1347-1,855682
LMS-1347-1,930352
LMS-1347-2,624360
LMS-1323-1,459461
LMS-1349-1,230361
LMS-1349-1,231605
LMS-1349-1,264630
LMS-1349-1,391840
LMS-1349-1,407806
LMS-1349-1,748632
LMS-1349-1,855682
LMS-1352-1,264630
LMS-1352-1,391840
LMS-1352-1,407806
LMS-1352-1,855682
LMS-1304-1,459461
LMS-1342-1,748632
LMS-1338-1,264630
LMS-1338-1,391840
LMS-1338-1,407806
LMS-1338-1,459461
LMS-1338-1,748632
LMS-1338-1,855682
LMS-1340-2,855682
LMS-1443-2,855682
LMS-1570-1,748632
LMS-1570-1,855682
LMS-1888-5,79299
LMS-1888-5,230361
LMS-1888-5,362030
LMS-1888-5,535278
LMS-1888-5,748632
LMS-1888-5,855682
LMS-1888-5,945307
LMS-1732-1,79299
LMS-1732-1,535278
LMS-2175-2,748632
LMS-2175-2,855682
LMS-1328-108,855682
LMS-1327-27,855682
LMS-1345-1,748632
LMS-1345-1,855682
LMS-1320-232,855682
LMS-1344-2,748632
LMS-1344-2,855682
LMS-1325-108,855682
LMS-1997-3,624360
LMS-1996-7,624360
LMS-1999-3,624360
LMS-1737-1,230361
LMS-1737-1,362030
LMS-1737-1,748632
LMS-1737-1,855682
LMS-1737-2,624360
LMS-1339-1,264630
LMS-1339-1,391840
LMS-1339-1,407806
LMS-1339-1,459461
LMS-1339-1,748632
LMS-1339-1,855682
LMS-2002-1,230361
LMS-2002-1,362030
LMS-2001-1,230361
LMS-2001-1,362030
LMS-2000-1,230361
LMS-2000-1,362030
LMS-2003-1,362030
LMS-1336-1,79299
LMS-1336-1,230361
LMS-1336-1,264630
LMS-1336-1,362030
LMS-1336-1,391840
LMS-1336-1,407806
LMS-1336-1,459461
LMS-1336-1,535278
LMS-1336-1,624360
LMS-1336-1,624360
LMS-1336-1,748632
LMS-1336-1,855682
LMS-1335-2,391840
LMS-1335-2,459461
LMS-1335-3,79299
LMS-1335-3,264630
LMS-1335-3,407806
LMS-1335-3,535278
LMS-1335-3,748632
LMS-1335-3,855682
LMS-1335-3,930352
LMS-1335-4,624360
LMS-1335-5,230361
LMS-1335-5,362030
LMS-1335-5,624360
LMS-1335-5,834106
LMS-1356-1,459461
LMS-1356-1,748632
LMS-1356-1,855682
LMS-1356-2,362030
LMS-1354-2,68527
LMS-1354-2,79299
LMS-1354-2,230361
LMS-1354-2,264630
LMS-1354-2,362030
LMS-1354-2,391840
LMS-1354-2,407806
LMS-1354-2,459461
LMS-1354-2,535278
LMS-1354-2,624360
LMS-1354-2,748632
LMS-1354-2,834106
LMS-1354-2,855682
LMS-1714-2,79299
LMS-1714-2,230361
LMS-1714-2,362030
LMS-1714-2,535278
LMS-1714-2,748632
LMS-1714-2,855682
LMS-1714-2,945307
LMS-1714-3,624360
LMS-1355-1,79299
LMS-1355-1,535278
LMS-1355-1,748632
LMS-1355-1,855682
LMS-2201-1,39466
LMS-2201-1,855682
LMS-1346-1,748632
LMS-1346-1,855682
LMS-1348-1,748632
LMS-1348-1,855682
LMS-1118-1,230361
LMS-1118-1,624360
LMS-1118-1,834106
LMS-1118-1,945307
LMS-1669-133,834106
LMS-1715-1,748632
LMS-1715-1,855682
LMS-1715-2,362030
LMS-1414-1,39466
LMS-1414-1,391840
LMS-1250-1,362030
LMS-1796-1,79299
LMS-1796-1,230361
LMS-1796-1,231605
LMS-1796-1,264630
LMS-1796-1,362030
LMS-1796-1,407806
LMS-1796-1,459461
LMS-1796-1,535278
LMS-1796-1,748632
LMS-1796-1,855682
LMS-1796-1,930352
LMS-1796-1,945307
LMS-1834-1,230361
LMS-1834-1,264630
LMS-1834-1,362030
LMS-1834-1,535278
LMS-1834-1,624360
LMS-1834-1,748632
LMS-1834-1,945307
LMS-1833-1,79299
LMS-1833-1,624360
LMS-1833-1,834106
LMS-1833-1,855682
LMS-1835-1,230361
LMS-1835-1,264630
LMS-1835-1,362030
LMS-1835-1,535278
LMS-1835-1,624360
LMS-1835-1,748632
LMS-1835-1,834106
LMS-1835-1,855682
LMS-1116-1,362030
LMS-1116-1,682849
LMS-1407-1,391840
LMS-1408-1,391840
LMS-1056-122,77545
LMS-1011-9,884456
LMS-1491-4,884456
LMS-1014-2,280535
LMS-1015-2,280535
LMS-1257-12,884456
LMS-1259-11,884456
LMS-1223-2,884456
LMS-1654-1,884456
LMS-1891-12,201010
LMS-1347-1,77545
LMS-1347-1,665641
LMS-1349-1,77545
LMS-1349-1,417209
LMS-1349-1,665641
LMS-1349-1,884456
LMS-1349-2,809714
LMS-1352-1,665641
LMS-1338-1,417209
LMS-1338-1,665641
LMS-1306-3,417209
LMS-1571-3,417209
LMS-1888-5,665641
LMS-1888-8,280535
LMS-1888-8,417209
LMS-1888-8,884456
LMS-1737-1,665641
LMS-1339-1,77545
LMS-1339-1,417209
LMS-1339-1,665641
LMS-2002-1,417209
LMS-2001-1,417209
LMS-2000-1,417209
LMS-1336-1,273892
LMS-1336-1,417209
LMS-1336-1,665641
LMS-1336-2,809714
LMS-1335-3,77545
LMS-1335-3,273892
LMS-1335-3,280535
LMS-1335-3,417209
LMS-1335-3,665641
LMS-1335-3,809714
LMS-1335-3,884456
LMS-1354-2,77545
LMS-1354-2,280535
LMS-1354-2,417209
LMS-1354-2,665641
LMS-1354-2,665641
LMS-1714-2,665641
LMS-1714-3,201010
LMS-1714-3,280535
LMS-1714-3,417209
LMS-1714-3,884456
LMS-1414-1,665641
LMS-1796-1,201010
LMS-1796-1,280535
LMS-1796-1,417209
LMS-1796-1,665641
LMS-1796-1,884456
LMS-1834-1,201010
LMS-1834-1,273892
LMS-1834-1,417209
LMS-1835-1,201010
LMS-1835-1,273892
LMS-1835-1,417209
LMS-1247-1,586107
LMS-2147-4,689173
LMS-1196-1,586107
LMS-1123-18,586107
LMS-1303-208,689173
LMS-1564-199,689173
LMS-1060-4,586107
LMS-2172-3,586107
LMS-1112-12,414352
LMS-1523-44,689173
LMS-1523-18,414352
LMS-1090-46,689173
LMS-1090-98,414352
LMS-1233-20,257769
LMS-1898-17,689173
LMS-1978-2,689173
LMS-1978-11,870166
LMS-1003-2,586107
LMS-1347-1,586107
LMS-1323-44,586107
LMS-1352-1,586107
LMS-1332-38,586107
LMS-1304-49,586107
LMS-1564-50,586107
LMS-1342-1,365952
LMS-1308-2,689173
LMS-1308-2,870166
LMS-1338-1,365952
LMS-1338-1,586107
LMS-1338-1,689173
LMS-1306-6,586107
LMS-1571-6,586107
LMS-1340-1,365952
LMS-1340-1,586107
LMS-1340-1,689173
LMS-1745-2,689173
LMS-1888-5,689173
LMS-1737-1,689173
LMS-2001-1,257769
LMS-2000-1,257769
LMS-2003-1,257769
LMS-1336-1,257769
LMS-1336-1,365952
LMS-1336-1,586107
LMS-1336-1,689173
LMS-1335-3,257769
LMS-1335-3,365952
LMS-1335-3,414352
LMS-1335-3,586107
LMS-1335-3,689173
LMS-1335-3,870166
LMS-1636-1,586107
LMS-1356-1,586107
LMS-1354-2,257769
LMS-1354-2,586107
LMS-1354-2,689173
LMS-1714-2,689173
LMS-2156-3,365952
LMS-1566-26,586107
LMS-2092-1,870166
LMS-1715-1,365952
LMS-1715-1,689173
LMS-1575-1,586107
LMS-1833-1,586107
LMS-1835-1,586107
LMS-1053-1,269546
LMS-1020-1,269546
LMS-1051-1,269546
LMS-1247-1,66782
LMS-1247-1,348073
LMS-1103-4,438365
LMS-1103-11,362854
LMS-1056-14,365167
LMS-1398-4,80290
LMS-1399-4,348073
LMS-1019-1,503290
LMS-1563-8,348073
LMS-1563-9,460567
LMS-1071-21,342485
LMS-1523-44,438365
LMS-1523-23,872956
LMS-1313-2,68565
LMS-1100-1,438365
LMS-1090-1,503290
LMS-1090-45,438365
LMS-1403-10,460567
LMS-1617-2,460567
LMS-1617-10,503290
LMS-1130-27,348073
LMS-1218-25,348073
LMS-1220-19,348073
LMS-1965-1,348073
LMS-2168-74,66782
LMS-1228-44,66782
LMS-1228-59,815365
LMS-1978-1,499323
LMS-1978-2,89860
LMS-1978-2,337108
LMS-1978-2,342485
LMS-1978-2,365167
LMS-2056-2,346116
LMS-2056-3,80290
LMS-1891-8,66782
LMS-1891-12,66782
LMS-1001-1,66782
LMS-1326-2,342485
LMS-1347-1,66782
LMS-1347-1,80290
LMS-1347-1,337108
LMS-1347-1,342485
LMS-1347-1,348073
LMS-1347-1,438365
LMS-1347-1,499115
LMS-1347-1,499323
LMS-1347-1,610318
LMS-1347-1,815365
LMS-1349-1,66782
LMS-1349-1,80290
LMS-1349-1,342485
LMS-1349-1,348073
LMS-1349-1,438365
LMS-1349-1,499323
LMS-1349-1,610318
LMS-1349-1,815365
LMS-1349-1,836362
LMS-1330-53,362854
LMS-1330-87,503290
LMS-1352-1,66782
LMS-1352-1,80290
LMS-1352-1,342485
LMS-1352-1,348073
LMS-1352-1,438365
LMS-1352-1,499323
LMS-1352-1,773387
LMS-1352-1,815365
LMS-1564-50,348073
LMS-1342-1,342485
LMS-1338-1,66782
LMS-1338-1,342485
LMS-1338-1,348073
LMS-1338-1,362854
LMS-1338-1,365167
LMS-1338-1,438365
LMS-1338-1,499323
LMS-1338-1,610318
LMS-1338-1,815365
LMS-1338-1,836362
LMS-1340-1,66782
LMS-1340-1,342485
LMS-1340-1,836362
LMS-1745-2,66782
LMS-1745-2,66782
LMS-1570-1,66782
LMS-1888-5,66782
LMS-1888-5,80290
LMS-1888-5,89860
LMS-1888-5,342485
LMS-1888-5,348073
LMS-1888-5,357535
LMS-1888-5,362854
LMS-1888-5,365167
LMS-1888-5,438365
LMS-1888-5,460567
LMS-1888-5,499115
LMS-1888-5,815365
LMS-1888-5,836362
LMS-1888-5,836615
LMS-1888-8,284272
LMS-1888-8,610318
LMS-1888-8,773387
LMS-1888-8,794208
LMS-2175-2,66782
LMS-2195-1,66782
LMS-1345-1,66782
LMS-1345-1,342485
LMS-1344-2,66782
LMS-1344-2,342485
LMS-1487-32,66782
LMS-1997-1,66782
LMS-1996-4,66782
LMS-1998-1,66782
LMS-1999-1,66782
LMS-1737-1,66782
LMS-1737-1,80290
LMS-1737-1,342485
LMS-1737-1,357535
LMS-1737-1,362854
LMS-1737-1,460567
LMS-1737-1,815365
LMS-1737-1,836362
LMS-1737-1,836615
LMS-1737-2,337108
LMS-1737-2,348073
LMS-1737-2,365167
LMS-1737-2,499115
LMS-1737-3,284272
LMS-1737-3,346116
LMS-1737-3,610318
LMS-1737-3,773387
LMS-1737-3,794208
LMS-1339-1,66782
LMS-1339-1,80290
LMS-1339-1,342485
LMS-1339-1,348073
LMS-1339-1,438365
LMS-1339-1,499323
LMS-1339-1,610318
LMS-1339-1,815365
LMS-1339-1,836362
LMS-2002-1,66782
LMS-2002-1,337108
LMS-2002-1,342485
LMS-2002-1,460567
LMS-2002-1,499115
LMS-2002-1,503290
LMS-2002-1,610318
LMS-2002-1,773387
LMS-2002-1,794208
LMS-2002-1,815365
LMS-2002-1,836362
LMS-2002-1,836615
LMS-2001-1,66782
LMS-2001-1,337108
LMS-2001-1,342485
LMS-2001-1,460567
LMS-2001-1,499115
LMS-2001-1,610318
LMS-2001-1,773387
LMS-2001-1,794208
LMS-2001-1,815365
LMS-2001-1,836362
LMS-2001-1,836615
LMS-2000-1,66782
LMS-2000-1,284272
LMS-2000-1,337108
LMS-2000-1,342485
LMS-2000-1,348073
LMS-2000-1,362854
LMS-2000-1,460567
LMS-2000-1,499115
LMS-2000-1,503290
LMS-2000-1,610318
LMS-2000-1,773387
LMS-2000-1,794208
LMS-2000-1,815365
LMS-2000-1,836362
LMS-2000-1,836615
LMS-2003-1,66782
LMS-2004-1,66782
LMS-2004-1,348073
LMS-1336-1,66782
LMS-1336-1,80290
LMS-1336-1,337108
LMS-1336-1,342485
LMS-1336-1,346116
LMS-1336-1,348073
LMS-1336-1,357535
LMS-1336-1,362854
LMS-1336-1,365167
LMS-1336-1,438365
LMS-1336-1,460567
LMS-1336-1,499115
LMS-1336-1,499323
LMS-1336-1,503290
LMS-1336-1,610318
LMS-1336-1,794208
LMS-1336-1,815365
LMS-1336-1,836362
LMS-1336-1,836615
LMS-1336-2,284272
LMS-1336-2,773387
LMS-1335-3,66782
LMS-1335-3,80290
LMS-1335-3,212341
LMS-1335-3,284272
LMS-1335-3,337108
LMS-1335-3,346116
LMS-1335-3,348073
LMS-1335-3,357535
LMS-1335-3,362854
LMS-1335-3,438365
LMS-1335-3,460567
LMS-1335-3,499323
LMS-1335-3,503290
LMS-1335-3,773387
LMS-1335-3,794208
LMS-1335-3,815365
LMS-1335-3,836362
LMS-1335-4,342485
LMS-1335-5,89860
LMS-1335-5,357535
LMS-1335-5,365167
LMS-1335-5,499115
LMS-1335-5,610318
LMS-1335-5,836615
LMS-1289-3,773387
LMS-1356-1,337108
LMS-1356-1,342485
LMS-1356-2,66782
LMS-1356-2,773387
LMS-1354-2,66782
LMS-1354-2,80290
LMS-1354-2,212341
LMS-1354-2,337108
LMS-1354-2,342485
LMS-1354-2,346116
LMS-1354-2,348073
LMS-1354-2,357535
LMS-1354-2,362854
LMS-1354-2,365167
LMS-1354-2,438365
LMS-1354-2,460567
LMS-1354-2,499115
LMS-1354-2,503290
LMS-1354-2,610318
LMS-1354-2,773387
LMS-1354-2,815365
LMS-1354-2,836362
LMS-1354-2,836615
LMS-1354-3,284272
LMS-1354-3,794208
LMS-1714-2,66782
LMS-1714-2,80290
LMS-1714-2,89860
LMS-1714-2,342485
LMS-1714-2,348073
LMS-1714-2,357535
LMS-1714-2,362854
LMS-1714-2,365167
LMS-1714-2,438365
LMS-1714-2,460567
LMS-1714-2,499115
LMS-1714-2,815365
LMS-1714-2,836362
LMS-1714-2,836615
LMS-1714-3,284272
LMS-1714-3,346116
LMS-1714-3,503290
LMS-1714-3,610318
LMS-1714-3,773387
LMS-1714-3,794208
LMS-1355-1,66782
LMS-1355-1,337108
LMS-1355-1,342485
LMS-1346-1,342485
LMS-1667-1,342485
LMS-1667-1,503290
LMS-1667-1,794208
LMS-2078-1,773387
LMS-2090-1,773387
LMS-2087-1,836362
LMS-1348-1,342485
LMS-1815-2,342485
LMS-1118-1,342485
LMS-1118-1,836615
LMS-1249-3,342485
LMS-1669-131,342485
LMS-1443-3,342485
LMS-1715-1,66782
LMS-1715-1,342485
LMS-1715-2,773387
LMS-1832-1,66782
LMS-1832-1,337108
LMS-1832-1,365167
LMS-1838-1,499115
LMS-1837-1,337108
LMS-1837-1,365167
LMS-1414-1,66782
LMS-1414-1,348073
LMS-1574-1,337108
LMS-1250-1,342485
LMS-1250-1,346116
LMS-1250-1,348073
LMS-1250-1,365167
LMS-1250-1,815365
LMS-1796-1,66782
LMS-1796-1,80290
LMS-1796-1,89860
LMS-1796-1,284272
LMS-1796-1,337108
LMS-1796-1,342485
LMS-1796-1,346116
LMS-1796-1,348073
LMS-1796-1,357535
LMS-1796-1,362854
LMS-1796-1,365167
LMS-1796-1,438365
LMS-1796-1,460567
LMS-1796-1,499115
LMS-1796-1,499323
LMS-1796-1,503290
LMS-1796-1,610318
LMS-1796-1,773387
LMS-1796-1,785659
LMS-1796-1,794208
LMS-1796-1,815365
LMS-1796-1,836362
LMS-1796-1,836615
LMS-1834-1,66782
LMS-1834-1,80290
LMS-1834-1,89860
LMS-1834-1,337108
LMS-1834-1,342485
LMS-1834-1,346116
LMS-1834-1,348073
LMS-1834-1,357535
LMS-1834-1,362854
LMS-1834-1,365167
LMS-1834-1,438365
LMS-1834-1,499323
LMS-1834-1,610318
LMS-1834-1,773387
LMS-1834-1,794208
LMS-1834-1,815365
LMS-1834-1,836362
LMS-1834-1,836615
LMS-1834-1,860189
LMS-1833-1,499115
LMS-1833-1,503290
LMS-1833-1,836362
LMS-1835-1,66782
LMS-1835-1,80290
LMS-1835-1,89860
LMS-1835-1,284272
LMS-1835-1,337108
LMS-1835-1,342485
LMS-1835-1,346116
LMS-1835-1,348073
LMS-1835-1,357535
LMS-1835-1,362854
LMS-1835-1,365167
LMS-1835-1,438365
LMS-1835-1,460567
LMS-1835-1,499115
LMS-1835-1,610318
LMS-1835-1,773387
LMS-1835-1,815365
LMS-1835-1,836362
LMS-1835-1,836615
LMS-1835-1,860189
LMS-1116-1,342485
LMS-1116-1,348073
LMS-1116-1,362854
LMS-1116-1,365167
LMS-1116-1,503290
LMS-1116-1,815365
LMS-1775-2,342485
LMS-1327-40,66782
LMS-1929-1,66782
LMS-1929-1,342485
LMS-1624-1,66782
LMS-1624-1,342485
LMS-1624-1,348073
LMS-1624-1,365167
LMS-1624-1,438365
LMS-1624-1,503290
LMS-1624-1,794208
LMS-1402-1,342485
LMS-1402-1,348073
LMS-1402-1,815365
LMS-1172-6,640389
LMS-1880-1,640389
LMS-1071-20,640389
LMS-1071-20,772544
LMS-1060-4,930068
LMS-1214-1,930068
LMS-1215-2,930068
LMS-1216-3,930068
LMS-1217-2,930068
LMS-1860-3,930068
LMS-1959-19,640389
LMS-1898-13,640389
LMS-1898-13,670724
LMS-1898-13,772544
LMS-1978-2,104124
LMS-1807-9,385217
LMS-1807-9,734468
LMS-1862-1,385217
LMS-1862-1,734468
LMS-1347-1,640389
LMS-1347-1,670724
LMS-1323-31,385217
LMS-1323-105,734468
LMS-1349-1,670724
LMS-1330-107,385217
LMS-1330-107,734468
LMS-1352-1,670724
LMS-1947-8,385217
LMS-1947-8,734468
LMS-1304-106,385217
LMS-1304-106,734468
LMS-1564-63,385217
LMS-1338-1,640389
LMS-1338-1,670724
LMS-1338-1,772544
LMS-1340-1,640389
LMS-1340-1,670724
LMS-1339-1,640389
LMS-1339-1,670724
LMS-1339-1,772544
LMS-1336-1,640389
LMS-1336-1,670724
LMS-1336-1,734468
LMS-1336-1,772544
LMS-1335-3,670724
LMS-1335-3,734468
LMS-1335-4,640389
LMS-1335-4,772544
LMS-1354-2,670724
LMS-2018-1,734468
LMS-1566-29,385217
LMS-1118-1,640389
LMS-1249-3,640389
LMS-1832-1,104124
LMS-1837-1,104124
LMS-1574-1,772544
LMS-1574-1,930068
LMS-1575-1,772544
LMS-1250-1,104124
LMS-1796-1,104124
LMS-1796-1,640389
LMS-1796-1,772544
LMS-1834-1,104124
LMS-1835-1,104124
LMS-1116-1,104124
LMS-1082-3,315467
LMS-1128-24,953670
LMS-1065-13,315467
LMS-1012-1,953670
LMS-1090-112,315467
LMS-1617-2,315467
LMS-1891-10,370901
LMS-1347-1,370901
LMS-1349-1,370901
LMS-1338-1,370901
LMS-1888-5,703243
LMS-1336-1,370901
LMS-1335-3,370901
LMS-1335-3,703243
LMS-2140-5,703243
LMS-1796-1,370901
LMS-1888-5,471755
LMS-1737-1,471755
LMS-1336-1,471755
LMS-1335-5,471755
LMS-1354-2,471755
LMS-1714-2,471755
LMS-1250-1,471755
LMS-1796-1,471755
LMS-1307-11,9641
LMS-1729-1,309033
LMS-1123-5,309033
LMS-1523-57,799916
LMS-1065-14,929726
LMS-1489-1,2344
LMS-1090-100,9641
LMS-1588-1,2344
LMS-1130-35,2344
LMS-1218-31,2344
LMS-1303-6,2344
LMS-1303-35,929726
LMS-1303-35,962884
LMS-1303-136,9641
LMS-1303-1,309033
LMS-1564-23,2344
LMS-1564-23,929726
LMS-1564-49,962884
LMS-1564-63,799916
LMS-1342-1,9641
LMS-1342-1,929726
LMS-1308-9,2344
LMS-1308-37,962884
LMS-1308-41,799916
LMS-1308-41,929726
LMS-1308-42,309033
LMS-1338-1,2344
LMS-1338-1,9641
LMS-1338-1,309033
LMS-1338-1,929726
LMS-1306-2,799916
LMS-1306-2,929726
LMS-1306-5,2344
LMS-1306-7,9641
LMS-1571-2,799916
LMS-1571-2,929726
LMS-1571-5,2344
LMS-1571-8,9641
LMS-1340-1,9641
LMS-1888-5,309033
LMS-1888-5,799916
LMS-1888-5,929726
LMS-1737-1,309033
LMS-1737-1,799916
LMS-1737-2,929726
LMS-1339-1,962884
LMS-1336-1,2344
LMS-1336-1,9641
LMS-1336-1,309033
LMS-1336-1,799916
LMS-1336-1,929726
LMS-1335-2,2344
LMS-1335-2,309033
LMS-1335-3,799916
LMS-1335-3,962884
LMS-1335-4,9641
LMS-1335-4,929726
LMS-1356-1,929726
LMS-1354-2,2344
LMS-1354-2,9641
LMS-1354-2,309033
LMS-1354-2,799916
LMS-1354-2,929726
LMS-1354-2,962884
LMS-1714-2,9641
LMS-1714-2,309033
LMS-1714-2,799916
LMS-1714-2,929726
LMS-1302-1,309033
LMS-1249-3,9641
LMS-1715-1,309033
LMS-1414-1,929726
LMS-1401-1,2344
LMS-1250-1,929726
LMS-1796-1,799916
LMS-1796-1,929726
LMS-1834-1,309033
LMS-1834-1,929726
LMS-1833-1,9641
LMS-1833-1,799916
LMS-1835-1,309033
LMS-1835-1,799916
LMS-1116-1,929726
LMS-1179-1,250775
LMS-1579-1,460783
LMS-1128-22,68366
LMS-1193-2,460783
LMS-1193-24,68366
LMS-1194-26,68366
LMS-1195-20,460783
LMS-1195-25,68366
LMS-1227-32,460783
LMS-2189-2,460783
LMS-1347-1,460783
LMS-1349-1,460783
LMS-1303-5,508591
LMS-1303-33,250775
LMS-1303-33,460783
LMS-1303-35,68366
LMS-1564-19,460783
LMS-1564-21,68366
LMS-1564-21,250775
LMS-1564-23,508591
LMS-1564-49,533576
LMS-1342-1,460783
LMS-1308-37,250775
LMS-1308-37,533576
LMS-1338-1,68366
LMS-1338-1,460783
LMS-1338-1,533576
LMS-1306-2,68366
LMS-1306-2,460783
LMS-1306-2,533576
LMS-1306-5,250775
LMS-1306-5,508591
LMS-1571-2,460783
LMS-1571-5,250775
LMS-1571-5,508591
LMS-1340-1,68366
LMS-1340-1,460783
LMS-1339-1,460783
LMS-2000-1,533576
LMS-1336-1,68366
LMS-1336-1,460783
LMS-1336-1,533576
LMS-1335-2,460783
LMS-1335-2,533576
LMS-1335-3,68366
LMS-1354-2,68366
LMS-1354-2,250775
LMS-1354-2,460783
LMS-1714-3,363832
LMS-1302-10,508591
LMS-1796-1,363832
LMS-1116-1,363832
LMS-1729-1,325758
LMS-1152-1,287131
LMS-1152-4,287131
LMS-1152-7,287131
LMS-1152-17,287131
LMS-1152-19,287131
LMS-1152-22,287131
LMS-1206-10,325758
LMS-1207-11,325758
LMS-1303-136,287131
LMS-1338-1,287131
LMS-1338-1,404448
LMS-1888-5,350387
LMS-1888-5,404448
LMS-1737-2,350387
LMS-1336-1,287131
LMS-1336-1,325758
LMS-1336-1,350387
LMS-1336-1,404448
LMS-1335-4,287131
LMS-1335-4,404448
LMS-1335-5,325758
LMS-1335-5,350387
LMS-1356-1,287131
LMS-1356-1,404448
LMS-1354-2,287131
LMS-1354-2,350387
LMS-1354-2,404448
LMS-1714-2,325758
LMS-1714-2,350387
LMS-1796-1,325758
LMS-1796-1,404448
LMS-1834-1,325758
LMS-1834-1,404448
LMS-1835-1,404448
LMS-1172-5,612861
LMS-1399-16,612861
LMS-1515-6,36238
LMS-1128-28,612861
LMS-1193-30,612861
LMS-1306-68,36238
LMS-1571-57,36238
LMS-1931-44,36238
LMS-1307-55,36238
LMS-1710-7,612861
LMS-1090-108,766902
LMS-1320-330,36238
LMS-1130-40,448261
LMS-1323-51,612861
LMS-1330-64,612861
LMS-1304-48,612861
LMS-1303-33,832975
LMS-1303-34,766902
LMS-1564-19,766902
LMS-1564-21,832975
LMS-1342-1,36238
LMS-1342-1,448261
LMS-1342-1,612861
LMS-1308-37,766902
LMS-1308-37,832975
LMS-1338-1,36238
LMS-1338-1,448261
LMS-1338-1,612861
LMS-1338-1,766902
LMS-1338-1,832975
LMS-1306-3,766902
LMS-1306-5,832975
LMS-1571-3,766902
LMS-1571-5,832975
LMS-1344-2,448261
LMS-1339-1,448261
LMS-1336-1,36238
LMS-1336-1,448261
LMS-1336-1,612861
LMS-1336-1,766902
LMS-1336-1,832975
LMS-1335-3,766902
LMS-1335-3,832975
LMS-1335-4,448261
LMS-1335-4,448261
LMS-1335-4,612861
LMS-1335-5,36238
LMS-1356-1,448261
LMS-1356-1,612861
LMS-1354-2,36238
LMS-1354-2,448261
LMS-1354-2,766902
LMS-1354-2,832975
LMS-1714-3,448261
LMS-1355-1,612861
LMS-1118-1,382249
LMS-1249-3,382249
LMS-1669-158,382249
LMS-1116-1,448261
LMS-1536-11,198634
LMS-1056-119,439298
LMS-1057-2,198634
LMS-1277-4,439298
LMS-1563-7,439298
LMS-1523-8,886504
LMS-1488-5,439298
LMS-1491-4,439298
LMS-1255-10,439298
LMS-1257-13,439298
LMS-1259-12,439298
LMS-1588-2,198634
LMS-1591-2,198634
LMS-1959-19,439298
LMS-1978-11,886504
LMS-1891-8,198634
LMS-1347-1,886504
LMS-1349-1,886504
LMS-1352-1,886504
LMS-1303-5,886504
LMS-1564-21,886504
LMS-1564-49,439298
LMS-1342-1,886504
LMS-1308-37,886504
LMS-1308-41,439298
LMS-1338-1,886504
LMS-1571-5,439298
LMS-1340-1,439298
LMS-1340-1,886504
LMS-1888-5,439298
LMS-1996-7,439298
LMS-1998-1,439298
LMS-1737-3,439298
LMS-1339-1,886504
LMS-2002-1,439298
LMS-2001-1,439298
LMS-2000-1,439298
LMS-2003-1,439298
LMS-1336-1,886504
LMS-1335-2,886504
LMS-1335-3,439298
LMS-1356-1,886504
LMS-1354-2,886504
LMS-1838-1,886504
LMS-1836-1,886504
LMS-1833-1,886504
LMS-1056-20,562298
LMS-1056-53,560140
LMS-1194-2,560140
LMS-1195-6,560140
LMS-1123-26,562298
LMS-1303-133,560140
LMS-1564-100,562298
LMS-1342-1,560140
LMS-1308-73,562298
LMS-1338-1,560140
LMS-1338-1,562298
LMS-1306-6,562298
LMS-1340-1,560140
LMS-1340-1,562298
LMS-1336-1,560140
LMS-1336-1,560140
LMS-1336-1,562298
LMS-1335-2,560140
LMS-1335-3,560140
LMS-1335-3,562298
LMS-1118-1,560140
LMS-1056-53,78228
LMS-1057-16,98038
LMS-1101-6,494985
LMS-1515-3,909846
LMS-1303-192,78228
LMS-1303-192,248014
LMS-1564-176,78228
LMS-1564-176,248014
LMS-1065-51,78228
LMS-1065-51,494985
LMS-1090-11,78228
LMS-1090-88,78228
LMS-1228-59,494985
LMS-1228-59,909846
LMS-1891-8,98038
LMS-1303-136,78228
LMS-1303-136,248014
LMS-1338-1,248014
LMS-1336-1,248014
LMS-1335-3,248014
LMS-1354-2,248014
LMS-2110-3,78228
LMS-2110-3,248014
LMS-1116-1,909846
LMS-1103-6,544343
LMS-1012-4,544343
LMS-1028-5,544343
LMS-1347-1,216778
LMS-1347-1,544343
LMS-1349-1,216778
LMS-1349-1,544343
LMS-1352-1,216778
LMS-1352-1,544343
LMS-1303-136,414388
LMS-1303-136,873915
LMS-1338-1,216778
LMS-1338-1,414388
LMS-1338-1,544343
LMS-1338-1,873915
LMS-1340-1,414388
LMS-1339-1,216778
LMS-1339-1,544343
LMS-1336-1,216778
LMS-1336-1,414388
LMS-1336-1,544343
LMS-1336-1,873915
LMS-1335-3,216778
LMS-1335-3,414388
LMS-1335-3,544343
LMS-1335-4,873915
LMS-1289-2,414388
LMS-1289-2,544343
LMS-1356-1,414388
LMS-1356-1,873915
LMS-1354-2,414388
LMS-1354-2,544343
LMS-1354-2,873915
LMS-1624-1,544343
LMS-1103-12,596154
LMS-1102-14,596154
LMS-1073-3,596154
LMS-1056-2,68573
LMS-1194-2,152021
LMS-1064-1,596154
LMS-1523-57,379770
LMS-1523-22,251440
LMS-1015-13,152021
LMS-1438-5,596154
LMS-1090-110,925253
LMS-1125-6,596154
LMS-1228-56,925253
LMS-1978-2,68573
LMS-1806-7,68573
LMS-1891-7,3501
LMS-1347-1,152021
LMS-1347-1,251440
LMS-1349-1,152021
LMS-1349-1,251440
LMS-1352-1,251440
LMS-1303-133,379316
LMS-1303-133,379770
LMS-1303-136,251440
LMS-1303-136,925253
LMS-1303-166,68573
LMS-1564-100,379770
LMS-1342-1,379316
LMS-1338-1,152021
LMS-1338-1,251440
LMS-1338-1,379316
LMS-1338-1,379770
LMS-1340-1,379316
LMS-1339-1,152021
LMS-1339-1,251440
LMS-2002-1,596154
LMS-2001-1,596154
LMS-2000-1,596154
LMS-1336-1,152021
LMS-1336-1,251440
LMS-1336-1,379316
LMS-1336-1,379770
LMS-1335-3,68573
LMS-1335-3,152021
LMS-1335-3,251440
LMS-1335-3,379316
LMS-1335-3,379770
LMS-1289-2,152021
LMS-1356-1,379770
LMS-1354-2,152021
LMS-1354-2,251440
LMS-1354-2,379316
LMS-1354-2,379770
LMS-1714-3,596154
LMS-2173-3,68573
LMS-1796-1,379316
LMS-1796-1,596154
LMS-1834-1,379316
LMS-1835-1,379316
LMS-1116-1,596154
LMS-1399-9,430377
LMS-1067-11,430377
LMS-1112-12,540496
LMS-1523-5,537919
LMS-1523-18,540496
LMS-1114-5,537919
LMS-1233-22,699654
LMS-1891-6,684838
LMS-1347-1,540496
LMS-1347-1,699654
LMS-1349-1,540496
LMS-1349-1,699654
LMS-1352-1,699654
LMS-1303-133,540496
LMS-1303-133,699654
LMS-1303-136,430377
LMS-1303-136,438494
LMS-1564-107,540496
LMS-1308-8,540496
LMS-1338-1,430377
LMS-1338-1,540496
LMS-1338-1,699654
LMS-1306-10,537919
LMS-1306-10,684838
LMS-1571-8,537919
LMS-1571-8,684838
LMS-1340-1,537919
LMS-1340-1,540496
LMS-1339-1,540496
LMS-1339-1,699654
LMS-1336-1,430377
LMS-1336-1,537919
LMS-1336-1,540496
LMS-1336-1,699654
LMS-1335-2,540496
LMS-1335-3,430377
LMS-1335-3,539284
LMS-1335-3,699654
LMS-1335-4,537919
LMS-1289-2,430377
LMS-1289-2,438494
LMS-1289-2,699654
LMS-1354-2,430377
LMS-1354-2,537919
LMS-1354-2,699654
LMS-1833-1,430377
LMS-1056-66,288490
LMS-1056-66,792867
LMS-1071-24,226267
LMS-1130-20,513055
LMS-1891-8,408198
LMS-1347-1,226267
LMS-1347-1,792867
LMS-1349-1,226267
LMS-1349-1,792867
LMS-1352-1,226267
LMS-1352-1,792867
LMS-1342-1,226267
LMS-1338-1,226267
LMS-1338-1,792867
LMS-1340-1,226267
LMS-1888-5,226267
LMS-1345-1,226267
LMS-1344-2,226267
LMS-1737-1,226267
LMS-1339-1,792867
LMS-1336-1,38724
LMS-1336-1,226267
LMS-1336-1,295532
LMS-1336-1,792867
LMS-1335-3,38724
LMS-1335-3,295532
LMS-1335-3,792867
LMS-1335-4,288490
LMS-1335-5,226267
LMS-1356-1,226267
LMS-1354-2,38724
LMS-1354-2,226267
LMS-1354-2,295532
LMS-1354-2,792867
LMS-1714-2,226267
LMS-1355-1,226267
LMS-1118-1,513055
LMS-1715-1,226267
LMS-1250-1,226267
LMS-1834-1,226267
LMS-1835-1,226267
LMS-1116-1,226267
LMS-1775-2,226267
LMS-1247-1,257716
LMS-1247-1,808123
LMS-1247-1,834811
LMS-1535-1,53271
LMS-1536-1,53271
LMS-1181-1,808123
LMS-1182-2,808123
LMS-1183-2,808123
LMS-1184-3,808123
LMS-1394-2,808123
LMS-1144-3,808123
LMS-1144-4,808123
LMS-1056-68,765733
LMS-1128-2,107412
LMS-1128-3,257716
LMS-1128-11,53271
LMS-1128-30,257716
LMS-1193-31,257716
LMS-1194-3,145759
LMS-1195-8,145759
LMS-1199-6,834811
LMS-1200-8,834811
LMS-1123-5,834811
LMS-1765-1,834811
LMS-1638-1,834811
LMS-1639-1,834811
LMS-1067-11,32850
LMS-1071-7,834811
LMS-1071-10,765733
LMS-1533-1,107412
LMS-1533-1,257716
LMS-1112-14,834811
LMS-1523-57,145759
LMS-1523-75,834811
LMS-1491-1,834811
LMS-1090-13,808123
LMS-1090-105,442081
LMS-1090-106,145759
LMS-1403-8,618871
LMS-1114-7,618871
LMS-1130-18,257716
LMS-1218-18,257716
LMS-1978-2,343132
LMS-1978-2,618871
LMS-1891-13,53271
LMS-1347-1,653214
LMS-1349-1,653214
LMS-1352-1,653214
LMS-1342-1,653214
LMS-1308-2,145759
LMS-1338-1,425780
LMS-1338-1,653214
LMS-1888-5,32850
LMS-1888-5,257716
LMS-1888-5,765733
LMS-1888-5,808123
LMS-1737-1,32850
LMS-1737-1,765733
LMS-1737-1,808123
LMS-1737-2,257716
LMS-1339-1,215108
LMS-1339-1,257716
LMS-1339-1,425780
LMS-1339-1,653214
LMS-1339-1,834811
LMS-1324-4,107412
LMS-1336-1,32850
LMS-1336-1,53271
LMS-1336-1,107412
LMS-1336-1,215108
LMS-1336-1,251517
LMS-1336-1,257716
LMS-1336-1,260649
LMS-1336-1,425780
LMS-1336-1,618871
LMS-1336-1,653214
LMS-1336-1,765733
LMS-1336-1,808123
LMS-1336-1,834811
LMS-1335-2,107412
LMS-1335-2,215108
LMS-1335-2,251517
LMS-1335-2,257716
LMS-1335-2,260649
LMS-1335-2,425780
LMS-1335-2,618871
LMS-1335-2,653214
LMS-1335-2,834811
LMS-1335-3,53271
LMS-1335-3,247692
LMS-1335-3,653214
LMS-1335-3,808123
LMS-1335-5,32850
LMS-1335-5,765733
LMS-1356-1,653214
LMS-1354-2,32850
LMS-1354-2,53271
LMS-1354-2,107412
LMS-1354-2,215108
LMS-1354-2,257716
LMS-1354-2,260649
LMS-1354-2,425780
LMS-1354-2,618871
LMS-1354-2,653214
LMS-1354-2,765733
LMS-1354-2,808123
LMS-1354-2,808123
LMS-1354-2,834811
LMS-1714-2,32850
LMS-1714-2,257716
LMS-1714-2,765733
LMS-1714-2,808123
LMS-1309-1,425780
LMS-1309-1,618871
LMS-1309-1,834811
LMS-1309-4,257716
LMS-1309-4,289010
LMS-1309-4,653214
LMS-1331-1,425780
LMS-1820-1,618871
LMS-1838-1,765733
LMS-1837-1,289010
LMS-1837-1,765733
LMS-1414-1,808123
LMS-1414-1,834811
LMS-1401-1,834811
LMS-1250-1,765733
LMS-1250-1,808123
LMS-1250-1,834811
LMS-1796-1,32850
LMS-1796-1,53271
LMS-1796-1,107412
LMS-1796-1,145759
LMS-1796-1,215108
LMS-1796-1,230044
LMS-1796-1,247692
LMS-1796-1,251517
LMS-1796-1,257716
LMS-1796-1,289010
LMS-1796-1,343132
LMS-1796-1,360216
LMS-1796-1,425780
LMS-1796-1,618871
LMS-1796-1,653214
LMS-1796-1,765733
LMS-1796-1,808123
LMS-1796-1,834811
LMS-1834-1,107412
LMS-1834-1,215108
LMS-1834-1,257716
LMS-1834-1,289010
LMS-1834-1,343132
LMS-1834-1,425780
LMS-1834-1,653214
LMS-1834-1,765733
LMS-1834-1,834811
LMS-1833-1,32850
LMS-1833-1,53271
LMS-1833-1,360216
LMS-1833-1,442081
LMS-1833-1,618871
LMS-1833-1,808123
LMS-1835-1,32850
LMS-1835-1,53271
LMS-1835-1,107412
LMS-1835-1,215108
LMS-1835-1,257716
LMS-1835-1,289010
LMS-1835-1,343132
LMS-1835-1,360216
LMS-1835-1,442081
LMS-1835-1,618871
LMS-1835-1,765733
LMS-1835-1,808123
LMS-1835-1,834811
LMS-1407-1,618871
LMS-1665-56,622395
LMS-1670-1,622395
LMS-1303-136,622395
LMS-1342-1,622395
LMS-1338-1,622395
LMS-1340-1,622395
LMS-1443-2,622395
LMS-1339-1,622395
LMS-1336-1,622395
LMS-1335-4,622395
LMS-1356-1,622395
LMS-1354-2,622395
LMS-1834-1,622395
LMS-1103-3,814394
LMS-1014-13,814394
LMS-1015-10,814394
LMS-1336-1,814394
LMS-1335-3,814394
LMS-1714-2,814394
LMS-1832-1,814394
LMS-1796-1,814394
LMS-1835-1,814394
LMS-1103-3,790349
LMS-1069-3,790349
LMS-1888-8,790349
LMS-1737-2,790349
LMS-1335-3,790349
LMS-1354-2,790349
LMS-1714-2,790349
LMS-1796-1,790349
LMS-1835-1,790349
LMS-1307-18,123915
LMS-1306-12,123915
LMS-1306-45,123915
LMS-1571-10,123915
LMS-1571-33,123915
LMS-1931-25,123915
LMS-1307-42,123915
LMS-1863-1,123915
LMS-1004-1,123915
LMS-1338-1,123915
LMS-1340-1,123915
LMS-1931-14,123915
LMS-1336-1,123915
LMS-1335-4,123915
LMS-1814-7,628947
LMS-1247-1,628947
LMS-1880-1,628947
LMS-1692-10,628947
LMS-1233-21,628947
LMS-1336-1,628947
LMS-1335-3,628947
LMS-1335-5,628947
LMS-1356-1,628947
LMS-1354-2,628947
LMS-1714-2,628947
LMS-1815-2,628947
LMS-1821-2,628947
LMS-1401-1,628947
LMS-1250-1,628947
LMS-1303-43,738246
LMS-1342-1,738246
LMS-1338-1,738246
LMS-1443-1,738246
LMS-1531-37,738246
LMS-1529-23,738246
LMS-1570-1,738246
LMS-1345-1,738246
LMS-1344-2,738246
LMS-1336-1,738246
LMS-1335-4,738246
LMS-1356-1,738246
LMS-1354-2,738246
LMS-1355-1,738246
LMS-1715-1,738246
LMS-1834-1,738246
LMS-1835-1,738246
LMS-1347-1,185255
LMS-1342-1,185255
LMS-1338-1,185255
LMS-1340-1,185255
LMS-1737-1,185255
LMS-1339-1,185255
LMS-1336-1,185255
LMS-1335-4,185255
LMS-1354-2,185255
LMS-1796-1,185255
LMS-1537-44,251034
LMS-1071-18,251034
LMS-1109-5,251034
LMS-1513-88,251034
LMS-1090-42,251034
LMS-1323-100,251034
LMS-1330-103,251034
LMS-1947-1,251034
LMS-1304-119,251034
LMS-1136-1,251034
LMS-1137-2,251034
LMS-1028-1,251034
LMS-1324-86,251034
LMS-1898-16,251034
LMS-1807-15,251034
LMS-1247-1,790354
LMS-1665-6,790354
LMS-1516-1,790354
LMS-1090-17,790354
LMS-1403-11,790354
LMS-1114-4,790354
LMS-1003-1,790354
LMS-1004-1,790354
LMS-1335-5,790354
LMS-1118-1,790354
LMS-1249-1,790354
LMS-1414-1,790354
LMS-1414-1,790354
LMS-1407-1,790354
LMS-1408-1,790354
LMS-1409-1,790354
LMS-1347-1,851030
LMS-1323-49,851030
LMS-1349-1,851030
LMS-1342-1,851030
LMS-1339-1,851030
LMS-1324-48,851030
LMS-1336-1,851030
LMS-1335-4,851030
LMS-1356-1,851030
LMS-1354-2,851030
LMS-1309-36,851030
LMS-1566-24,851030
LMS-1796-1,851030
LMS-1347-1,441733
LMS-1349-1,441733
LMS-1352-1,441733
LMS-1303-34,540558
LMS-1564-21,540558
LMS-1308-37,540558
LMS-1338-1,441733
LMS-1338-1,540558
LMS-1306-5,540558
LMS-1571-5,540558
LMS-1340-1,540558
LMS-1888-5,441733
LMS-1339-1,441733
LMS-2002-1,441733
LMS-2001-1,441733
LMS-2000-1,441733
LMS-2003-1,441733
LMS-2004-1,441733
LMS-1336-1,441733
LMS-1336-1,540558
LMS-1335-3,441733
LMS-1335-3,540558
LMS-1354-2,441733
LMS-1354-2,540558
LMS-1714-2,441733
LMS-1339-1,142136
LMS-1336-1,142136
LMS-1335-3,142136
LMS-1354-2,142136
LMS-1714-2,142136
LMS-1349-1,160854
LMS-1342-1,160854
LMS-1338-1,160854
LMS-1340-1,160854
